bidx	ep	loss_act_b	loss_reg_b	loss_actor_b	loss_critic_b	loss_all
0	0	8.59663200378418	0.11026354134082794	-1.6393671035766602	1.241115927696228	8.30864429473877
1	0	6.760219097137451	0.10838298499584198	7.99281120300293	2.7726523876190186	17.634065628051758
2	0	5.359677791595459	0.08522406220436096	-4.059925079345703	1.4501044750213623	2.8350813388824463
3	0	4.3243818283081055	0.07239106297492981	-4.491860389709473	1.7852627038955688	1.690175175666809
4	0	3.6079506874084473	0.06549622118473053	-0.5545046329498291	1.0160434246063232	4.13498592376709
5	0	2.9982616901397705	0.06690606474876404	2.2714011669158936	1.0380467176437378	6.374615669250488
6	0	2.978224754333496	0.0644030049443245	2.204054355621338	1.8093225955963135	7.056004524230957
7	0	2.9404830932617188	0.06520672887563705	2.155385732650757	1.0418195724487305	6.202895164489746
8	0	2.8859760761260986	0.0642843246459961	1.9088752269744873	1.2777248620986938	6.136860370635986
9	0	2.8663251399993896	0.06430625170469284	1.6344064474105835	1.2155685424804688	5.780606269836426
10	0	2.815492868423462	0.06283605098724365	1.3276822566986084	1.0512992143630981	5.257309913635254
11	0	2.800102949142456	0.06396554410457611	0.9182066321372986	0.9826847910881042	4.764959812164307
12	0	2.726553201675415	0.06271806359291077	0.4896118938922882	1.2752422094345093	4.5541253089904785
13	0	2.6258766651153564	0.06248290091753006	-0.0487053245306015	0.9143326282501221	3.5539867877960205
14	0	2.602653741836548	0.06150749325752258	-0.6471630334854126	0.9913018345832825	3.0083000659942627
15	0	2.51546573638916	0.06381072849035263	-0.9648386240005493	1.1612706184387207	2.7757086753845215
0	1	2.4239566326141357	0.06283459067344666	-1.0789904594421387	1.120698094367981	2.528498649597168
1	1	2.3824644088745117	0.06086443364620209	-1.131391167640686	1.0055683851242065	2.3175060749053955
2	1	2.331476926803589	0.059896957129240036	-0.9759776592254639	1.6535913944244385	3.0689876079559326
3	1	2.201139450073242	0.06016926467418671	-0.7130040526390076	1.160003662109375	2.708308219909668
4	1	2.161526679992676	0.05745070055127144	-0.4209456145763397	0.9345903396606445	2.7326221466064453
5	1	2.057225465774536	0.05957006290555	0.0070028044283390045	0.8783364295959473	3.0021347999572754
6	1	1.987487554550171	0.05620882660150528	0.04562939330935478	0.8423148989677429	2.931640863418579
7	1	1.8773711919784546	0.05651227384805679	0.16288414597511292	1.0361214876174927	3.1328892707824707
8	1	1.7903858423233032	0.056562189012765884	0.2655732035636902	1.1514908075332642	3.264011859893799
9	1	1.6927508115768433	0.055287331342697144	0.12797556817531586	0.9115409255027771	2.7875547409057617
10	1	1.6393901109695435	0.05339711531996727	-0.20157423615455627	0.9167957901954651	2.4080088138580322
11	1	1.5356014966964722	0.051385995000600815	-0.318990558385849	0.9653221368789673	2.233319044113159
12	1	1.4762580394744873	0.04933048412203789	-0.6818996667861938	1.0132328271865845	1.856921672821045
13	1	1.3507529497146606	0.0499405562877655	-0.9558899998664856	0.8259545564651489	1.2707581520080566
14	1	1.2873300313949585	0.04926036298274994	-1.2997671365737915	1.2692188024520874	1.3060420751571655
15	1	1.2165311574935913	0.048092231154441833	-1.9891858100891113	1.5198533535003662	0.7952909469604492
0	2	1.1658138036727905	0.04763903468847275	-2.0820508003234863	0.7390424609184265	-0.12955552339553833
1	2	1.0334300994873047	0.04465663433074951	-1.9318102598190308	1.5110061168670654	0.6572825908660889
2	2	0.9780297875404358	0.045103512704372406	-1.8213098049163818	1.0358482599258423	0.23767173290252686
3	2	0.9184423685073853	0.04332006722688675	-1.3328611850738525	0.9877321124076843	0.6166333556175232
4	2	0.8407971858978271	0.04274431988596916	-0.5949291586875916	1.0086549520492554	1.2972673177719116
5	2	0.8148627877235413	0.042629726231098175	-0.2871251404285431	1.3457703590393066	1.9161376953125
6	2	0.7233545780181885	0.03966984152793884	0.08798790723085403	1.676296591758728	2.527308940887451
7	2	0.6527373194694519	0.03847349435091019	0.4492565393447876	0.8362930417060852	1.9767603874206543
8	2	0.6206331849098206	0.03794487193226814	0.2083768993616104	1.0681356191635132	1.9350905418395996
9	2	0.5574585199356079	0.03760529309511185	-0.0560758076608181	0.7552709579467773	1.294258952140808
10	2	0.509824275970459	0.03537987917661667	-0.3849869668483734	0.8211204409599304	0.9813376665115356
11	2	0.46775659918785095	0.03540054336190224	-1.0570460557937622	1.0211961269378662	0.4673072099685669
12	2	0.43921101093292236	0.03587967902421951	-1.3683178424835205	0.6598607301712036	-0.23336642980575562
13	2	0.394206166267395	0.034072451293468475	-1.6833679676055908	0.7886559963226318	-0.4664332866668701
14	2	0.363131046295166	0.03341621160507202	-1.7453168630599976	1.6262518167495728	0.27748215198516846
15	2	0.33875149488449097	0.03281961381435394	-1.9467800855636597	0.5981239080429077	-0.9770849943161011
0	3	0.30121976137161255	0.03216956555843353	-2.0945398807525635	0.716951847076416	-1.044198751449585
1	3	0.282931923866272	0.03087059035897255	-2.015817165374756	0.844538152217865	-0.857476532459259
2	3	0.264811247587204	0.03115149959921837	-1.863754153251648	1.3538649082183838	-0.2139265537261963
3	3	0.2426675260066986	0.029712487012147903	-1.6051642894744873	1.3183389902114868	-0.014445304870605469
4	3	0.22949062287807465	0.029126130044460297	-1.048186182975769	1.251319169998169	0.46174973249435425
5	3	0.2172292321920395	0.029567401856184006	-0.3960030972957611	0.787891685962677	0.6386852264404297
6	3	0.20635798573493958	0.02951863594353199	-0.2470543533563614	1.2916311025619507	1.2804533243179321
7	3	0.19003510475158691	0.027570411562919617	-0.5444037914276123	1.1020346879959106	0.7752364277839661
8	3	0.17540420591831207	0.027716584503650665	-1.21634840965271	0.9396175742149353	-0.07361000776290894
9	3	0.16296188533306122	0.02745380997657776	-1.8735418319702148	0.8811094760894775	-0.8020166158676147
10	3	0.16004233062267303	0.026939744129776955	-2.5090675354003906	0.8347238302230835	-1.4873615503311157
11	3	0.22512072324752808	0.0267806313931942	-2.8629379272460938	1.129727840423584	-1.4813086986541748
12	3	0.14254514873027802	0.02553774043917656	-3.035543918609619	0.5739773511886597	-2.2934837341308594
13	3	0.13760462403297424	0.02554621547460556	-2.8961291313171387	1.1495081186294556	-1.5834702253341675
14	3	0.1321725994348526	0.023660119622945786	-2.5260818004608154	1.0427738428115845	-1.3274751901626587
15	3	0.13053171336650848	0.023753929883241653	-1.7297132015228271	0.8918527960777283	-0.6835747361183167
0	4	0.1270049512386322	0.023888234049081802	-0.9186118245124817	1.0978853702545166	0.33016669750213623
1	4	0.11984016001224518	0.02311861515045166	-0.10289112478494644	1.1988989114761353	1.2389665842056274
2	4	0.11300802230834961	0.022224899381399155	0.2590315043926239	0.9946682453155518	1.388932704925537
3	4	0.11078429967164993	0.021425694227218628	-0.3825356364250183	1.4397403001785278	1.189414620399475
4	4	0.1807902753353119	0.02180331200361252	-1.313795804977417	0.8760653138160706	-0.23513692617416382
5	4	0.10263043642044067	0.020688027143478394	-1.8886778354644775	0.8099110126495361	-0.9554483890533447
6	4	0.09658829122781754	0.019015446305274963	-2.661752462387085	1.4944005012512207	-1.051748275756836
7	4	0.09798398613929749	0.01838012784719467	-3.083827018737793	0.7394338846206665	-2.228029251098633
8	4	0.0902758464217186	0.01937364600598812	-2.8675925731658936	0.5862118601799011	-2.1717312335968018
9	4	0.08734418451786041	0.017016567289829254	-2.8946034908294678	0.9158719182014465	-1.874370813369751
10	4	0.08684646338224411	0.019619392231106758	-2.4057202339172363	0.8987800478935242	-1.4004743099212646
11	4	0.08186762779951096	0.01752408780157566	-2.214338541030884	0.9506717920303345	-1.164275050163269
12	4	0.08095810562372208	0.0171505194157362	-1.3310918807983398	1.0000590085983276	-0.232924222946167
13	4	0.07620523124933243	0.014534270390868187	-0.8324313759803772	1.169920563697815	0.4282286763191223
14	4	0.07670819014310837	0.014225359074771404	-1.4931532144546509	1.18405282497406	-0.21816682815551758
15	4	0.07440333813428879	0.015072718262672424	-1.4476919174194336	0.6742186546325684	-0.6839971542358398
0	5	0.14426681399345398	0.01603347808122635	-1.7208439111709595	0.7979469299316406	-0.7625967264175415
1	5	0.0699889287352562	0.014822075143456459	-1.7048718929290771	1.0833734273910522	-0.5366874933242798
2	5	0.0604037381708622	0.012312311679124832	-1.68538236618042	1.0465009212493896	-0.5661654472351074
3	5	0.059631045907735825	0.013223430141806602	-1.0632908344268799	0.8498134613037109	-0.14062291383743286
4	5	0.06049497798085213	0.011314868927001953	-1.5402475595474243	0.6875369548797607	-0.7809007167816162
5	5	0.058282285928726196	0.012487128376960754	-1.7325211763381958	1.1851143836975098	-0.4766373634338379
6	5	0.058389097452163696	0.013114221394062042	-1.3405977487564087	0.9831314086914062	-0.2859630584716797
7	5	0.05179056152701378	0.01246587373316288	-0.46872612833976746	1.0210477113723755	0.6165779829025269
8	5	0.049622852355241776	0.011138712987303734	-0.10253426432609558	0.7332945466041565	0.6915218234062195
9	5	0.04951822757720947	0.010935168713331223	-0.7895635962486267	1.249790906906128	0.5206807255744934
10	5	0.046607378870248795	0.010104923509061337	-1.2275630235671997	0.4717561602592468	-0.6990945935249329
11	5	0.044306885451078415	0.010932598263025284	-2.06583833694458	1.9119329452514648	-0.09866595268249512
12	5	0.04386366531252861	0.00975177250802517	-2.4626193046569824	1.1041860580444336	-1.3048179149627686
13	5	0.0419890396296978	0.009473565965890884	-1.6160426139831543	0.7806079387664795	-0.7839720249176025
14	5	0.03852737322449684	0.009569235146045685	-0.6812853217124939	0.9401218891143799	0.3069331645965576
15	5	0.03809041529893875	0.009335359558463097	0.38829976320266724	0.8083768486976624	1.2441023588180542
0	6	0.038524918258190155	0.008725282736122608	0.05914868041872978	0.7560484409332275	0.8624473214149475
1	6	0.0360962375998497	0.008749766275286674	-0.5193870067596436	0.7101702094078064	0.23562920093536377
2	6	0.03462127596139908	0.007788775954395533	-0.9644774198532104	1.3033957481384277	0.38132840394973755
3	6	0.035354405641555786	0.008863717317581177	-2.1750893592834473	1.1909910440444946	-0.9398802518844604
4	6	0.03230252116918564	0.008649982511997223	-2.2077839374542236	0.664389431476593	-1.5024421215057373
5	6	0.11033356934785843	0.00974036380648613	-1.5936052799224854	0.7392479181289673	-0.734283447265625
6	6	0.0305178165435791	0.007832751609385014	-1.0254932641983032	0.839195191860199	-0.1479474902153015
7	6	0.030001912266016006	0.007136219181120396	0.05447966232895851	1.0039855241775513	1.095603346824646
8	6	0.02891201339662075	0.007222095970064402	0.8197476267814636	0.884356677532196	1.7402384281158447
9	6	0.028071235865354538	0.007200499065220356	0.17261457443237305	1.0230668783187866	1.2309532165527344
10	6	0.028082741424441338	0.006630455143749714	0.039458077400922775	1.252912998199463	1.3270843029022217
11	6	0.026827553287148476	0.006585683673620224	-0.2993145287036896	1.1831921339035034	0.9172908067703247
12	6	0.02565595507621765	0.006958041340112686	-0.8947709202766418	0.8409366607666016	-0.021220266819000244
13	6	0.024988897144794464	0.006489641033113003	-0.5462850332260132	0.8449853658676147	0.3301788568496704
14	6	0.024607297033071518	0.006704964675009251	-0.3619331121444702	0.9450411200523376	0.6144202947616577
15	6	0.024496404454112053	0.006286959163844585	0.2891617715358734	0.7951883673667908	1.11513352394104
0	7	0.023861326277256012	0.006239067763090134	0.16814549267292023	0.8848011493682861	1.0830470323562622
1	7	0.02314654551446438	0.006044488865882158	-0.40841910243034363	0.564008891582489	0.18478083610534668
2	7	0.10194963961839676	0.0072320494800806046	-0.49969255924224854	0.7213876843452454	0.33087682723999023
3	7	0.022200405597686768	0.005484717898070812	-1.0497937202453613	1.2973250150680542	0.2752164602279663
4	7	0.021931620314717293	0.005997777916491032	-0.31162288784980774	1.1407521963119507	0.8570587038993835
5	7	0.021768394857645035	0.005921612028032541	-0.22030402719974518	0.9151014089584351	0.7224873900413513
6	7	0.021808920428156853	0.006368890404701233	1.2812306880950928	0.8136482834815979	2.1230568885803223
7	7	0.02109409309923649	0.005466846749186516	0.6869701743125916	0.7694194316864014	1.4829505681991577
8	7	0.0216372087597847	0.00534025626257062	-0.5709669589996338	0.8264694809913635	0.28248000144958496
9	7	0.020982524380087852	0.005628830287605524	-0.9830656051635742	1.2675203084945679	0.31106603145599365
10	7	0.0216380525380373	0.0053292675875127316	-2.1994762420654297	1.1155160665512085	-1.0569928884506226
11	7	0.02029811032116413	0.005838422104716301	-0.5845353603363037	0.7589387893676758	0.2005399465560913
12	7	0.019877061247825623	0.005785809364169836	0.7035360336303711	0.8103684782981873	1.539567470550537
13	7	0.01944056898355484	0.005614894442260265	1.4275280237197876	0.7677669525146484	2.2203502655029297
14	7	0.018986131995916367	0.005534598603844643	0.2942555546760559	0.9105402231216431	1.2293164730072021
15	7	0.018696127459406853	0.005551224108785391	-0.7087112665176392	1.317332148551941	0.632868230342865
0	8	0.019014762714505196	0.00567708071321249	0.300773561000824	0.8515793085098267	1.1770447492599487
1	8	0.018233345821499825	0.004748684354126453	0.8706333637237549	0.8459835648536682	1.7395989894866943
2	8	0.018115824088454247	0.005247069522738457	1.3072718381881714	0.9843571186065674	2.3149919509887695
3	8	0.018079038709402084	0.005088954232633114	2.158872127532959	1.5453333854675293	3.7273736000061035
4	8	0.0178677998483181	0.005208570044487715	1.2688560485839844	0.7056205868721008	1.9975531101226807
5	8	0.017277078703045845	0.004612467251718044	0.6808019280433655	0.9626061320304871	1.6652976274490356
6	8	0.017039233818650246	0.00487335491925478	0.3226173520088196	0.9430371522903442	1.287567138671875
7	8	0.016777578741312027	0.005261493846774101	0.4990445375442505	0.8990793824195862	1.4201629161834717
8	8	0.0164304431527853	0.004953427240252495	-0.3869563043117523	0.37638309597969055	0.010810673236846924
9	8	0.017085915431380272	0.005738470237702131	-0.8866524696350098	0.8189492225646973	-0.04487884044647217
10	8	0.01691916398704052	0.005242536775767803	-1.6694163084030151	1.1205253601074219	-0.5267292261123657
11	8	0.016435254365205765	0.004987349733710289	-1.4661941528320312	0.7852970957756042	-0.6594744324684143
12	8	0.015881134197115898	0.005237599369138479	-0.754206657409668	0.589650571346283	-0.14343732595443726
13	8	0.01578202284872532	0.005147877149283886	1.0094807147979736	0.7000415325164795	1.7304521799087524
14	8	0.015855275094509125	0.005026453640311956	0.2695283889770508	0.9291781187057495	1.219588279724121
15	8	0.1041308045387268	0.007086606230586767	0.8590248823165894	0.5732616186141968	1.5435038805007935
0	9	0.09602378308773041	0.006847971584647894	-0.39339298009872437	0.8823137283325195	0.5917924642562866
1	9	0.015589357353746891	0.00453998614102602	-1.0196493864059448	0.6112691164016724	-0.3882509469985962
2	9	0.015270429663360119	0.005523711442947388	-0.040878985077142715	0.8414601683616638	0.82137531042099
3	9	0.015840673819184303	0.0048158420249819756	-0.523585319519043	0.8522984981536865	0.34936970472335815
4	9	0.016362501308321953	0.00533219613134861	-0.28621089458465576	0.9966435432434082	0.73212730884552
5	9	0.014774502255022526	0.004583660513162613	0.5999125242233276	0.6957705020904541	1.315041184425354
6	9	0.01533010508865118	0.004777205176651478	0.7930842638015747	0.7221790552139282	1.5353705883026123
7	9	0.015635153278708458	0.005660960916429758	0.17213697731494904	0.8259289264678955	1.019361972808838
8	9	0.015878409147262573	0.0053084236569702625	3.524573802947998	0.8538398146629333	4.399600505828857
9	9	0.015248069539666176	0.0049096993170678616	-1.9099258184432983	0.7909841537475586	-1.0987838506698608
10	9	0.01536771934479475	0.005564605351537466	-1.0375351905822754	0.542746901512146	-0.47385597229003906
11	9	0.01649843528866768	0.006272152066230774	2.4878697395324707	0.8046209812164307	3.3152613639831543
12	9	0.016482358798384666	0.006411117967218161	2.5962984561920166	0.7310702800750732	3.35026216506958
13	9	0.0168872382491827	0.007075300440192223	0.9884099960327148	0.8905466794967651	1.9029191732406616
14	9	0.01868872158229351	0.008612191304564476	2.7612311840057373	0.9110907912254333	3.699622869491577
15	9	0.01985514722764492	0.008590281940996647	3.7140157222747803	1.3246941566467285	5.067155361175537
0	10	0.02258545346558094	0.008317961357533932	-0.19966022670269012	0.7736931443214417	0.6049363613128662
1	10	0.024283619597554207	0.009638079442083836	-1.8343970775604248	0.6765294671058655	-1.123945951461792
2	10	0.024935951456427574	0.009940817952156067	-0.6116154193878174	0.6580532789230347	0.08131462335586548
3	10	0.03260599821805954	0.013174837455153465	1.5681785345077515	1.290445327758789	2.904404640197754
4	10	0.03494958579540253	0.011529432609677315	2.148000717163086	1.1816991567611694	3.376178741455078
5	10	0.04007115960121155	0.013981961645185947	1.8635212182998657	0.8207657337188721	2.738339900970459
6	10	0.1152021586894989	0.015279339626431465	1.317037582397461	0.776279866695404	2.223798990249634
7	10	0.05902022495865822	0.013831837102770805	-0.00866281520575285	0.6763120889663696	0.740501344203949
8	10	0.07420113682746887	0.01613789051771164	0.5434054136276245	0.9298352599143982	1.5635796785354614
9	10	0.10904387384653091	0.018713194876909256	2.4839303493499756	0.6352394819259644	3.246926784515381
10	10	0.12432096898555756	0.01802850142121315	1.8270516395568848	0.6925467848777771	2.6619479656219482
11	10	0.1559925079345703	0.02044031396508217	1.151179313659668	0.872292697429657	2.1999049186706543
12	10	0.197117418050766	0.020976407453417778	2.079547882080078	0.682401716709137	2.980043411254883
13	10	0.19210663437843323	0.02176288701593876	1.7416012287139893	0.8273588418960571	2.782829761505127
14	10	0.24674293398857117	0.02156999707221985	1.3514493703842163	0.6686185002326965	2.2883808612823486
15	10	0.2317684292793274	0.02286873571574688	0.5793743133544922	0.6517053246498108	1.4857168197631836
0	11	0.22874557971954346	0.02380536124110222	0.8459346890449524	1.5818827152252197	2.680368423461914
1	11	0.22875584661960602	0.02227054536342621	0.2732357680797577	0.5920584201812744	1.1163206100463867
2	11	0.2193603664636612	0.022634297609329224	-0.5505959391593933	0.7678415775299072	0.4592403173446655
3	11	0.1553252786397934	0.019797634333372116	-0.15984377264976501	0.7873744964599609	0.8026536703109741
4	11	0.12443196773529053	0.018359793350100517	0.31316280364990234	0.7114368677139282	1.1673914194107056
5	11	0.08569835871458054	0.016981150954961777	-0.47533780336380005	0.8848221898078918	0.5121638774871826
6	11	0.07508058100938797	0.01666302978992462	-1.1547675132751465	1.180302619934082	0.11727869510650635
7	11	0.04710686579346657	0.016735341399908066	-1.2549846172332764	0.6628805994987488	-0.5282618403434753
8	11	0.029791126027703285	0.016858041286468506	-0.486435204744339	0.6441395282745361	0.2043534815311432
9	11	0.027896126732230186	0.014913085848093033	0.6007124781608582	0.8137024641036987	1.4572241306304932
10	11	0.016310393810272217	0.01746337115764618	-1.6781004667282104	0.693639874458313	-0.9506868124008179
11	11	0.012845811434090137	0.0180074330419302	-1.9368714094161987	0.9467361569404602	-0.9592819809913635
12	11	0.010132277384400368	0.019280828535556793	-0.9721076488494873	0.7001420259475708	-0.2425525188446045
13	11	0.09936695545911789	0.022717654705047607	-1.1879024505615234	0.9255922436714172	-0.1402255892753601
14	11	0.00815462414175272	0.024169746786355972	-2.0565013885498047	0.7432935833930969	-1.280883550643921
15	11	0.007662924937903881	0.021976664662361145	-1.716556429862976	0.6141307353973389	-1.0727860927581787
0	12	0.008591878227889538	0.02390015684068203	-2.0442519187927246	1.0757310390472412	-0.9360289573669434
1	12	0.010374835692346096	0.024245664477348328	-0.4667781591415405	0.6636915802955627	0.23153391480445862
2	12	0.013666325248777866	0.02535659447312355	-0.4913673400878906	0.6523970365524292	0.20005261898040771
3	12	0.011613168753683567	0.021290387958288193	0.4228750467300415	0.7665082216262817	1.2222868204116821
4	12	0.01629704050719738	0.021559063345193863	-1.660556435585022	0.48803475499153137	-1.134665608406067
5	12	0.09367254376411438	0.01846582069993019	0.49545949697494507	0.7951038479804993	1.4027016162872314
6	12	0.018238801509141922	0.018264705315232277	1.101491928100586	0.5972447395324707	1.7352402210235596
7	12	0.01259862631559372	0.012777410447597504	4.009391784667969	1.449668526649475	5.48443603515625
8	12	0.011546263471245766	0.011223558336496353	-1.356743574142456	0.9693664908409119	-0.3646072745323181
9	12	0.008671745657920837	0.012180551886558533	-0.2566855251789093	0.7210544347763062	0.4852212071418762
10	12	0.011335199698805809	0.016711153090000153	2.82163667678833	0.8299576044082642	3.679640769958496
11	12	0.0070061213336884975	0.020231634378433228	6.190277099609375	1.300610065460205	7.518125057220459
12	12	0.007837933488190174	0.025001760572195053	2.7337586879730225	1.1051750183105469	3.8717734813690186
13	12	0.009890692308545113	0.027474619448184967	-0.9285644888877869	0.7655003666877747	-0.12569880485534668
14	12	0.009459055960178375	0.030542783439159393	-1.4859659671783447	0.8078530430793762	-0.6381110548973083
15	12	0.00888245552778244	0.03270178660750389	-1.2922704219818115	0.5866402983665466	-0.6640458703041077
0	13	0.010431040078401566	0.03083028830587864	-1.0569456815719604	1.353455662727356	0.33777129650115967
1	13	0.015638628974556923	0.0330616757273674	-0.6760014295578003	0.9668421149253845	0.3395410180091858
2	13	0.013293812982738018	0.02779499813914299	-1.1215394735336304	0.7873002290725708	-0.2931504249572754
3	13	0.015350516885519028	0.02403154782950878	-1.0814793109893799	0.7280347347259521	-0.3140624761581421
4	13	0.013583734631538391	0.020664116367697716	-1.0581728219985962	1.2735730409622192	0.2496480941772461
5	13	0.012186050415039062	0.01908751204609871	-0.9317076802253723	0.8608166575431824	-0.03961747884750366
6	13	0.014765607193112373	0.0168965645134449	-0.995108962059021	0.8493061065673828	-0.11414068937301636
7	13	0.011383830569684505	0.014202830381691456	-0.8293313980102539	0.7240662574768066	-0.079678475856781
8	13	0.010670091956853867	0.012920012697577477	-0.8458790183067322	0.6604964137077332	-0.16179251670837402
9	13	0.010588988661766052	0.013906712643802166	-0.8500241041183472	0.7801554203033447	-0.045372962951660156
10	13	0.012693741358816624	0.014968077652156353	-1.4233733415603638	0.5527767539024353	-0.842934787273407
11	13	0.013183999806642532	0.01563781313598156	-2.4749302864074707	0.8408331871032715	-1.6052753925323486
12	13	0.01009808387607336	0.013549202121794224	-1.1724497079849243	1.101715087890625	-0.04708731174468994
13	13	0.09980904310941696	0.01745612546801567	-0.21913255751132965	0.7115500569343567	0.6096826791763306
14	13	0.018299272283911705	0.012853074818849564	0.5827855467796326	0.9360786080360413	1.5500165224075317
15	13	0.02261369489133358	0.013706004247069359	-1.2664800882339478	0.6841869354248047	-0.5459734201431274
0	14	0.011620969511568546	0.009718184359371662	-0.9567738175392151	1.396917462348938	0.46148282289505005
1	14	0.013631200417876244	0.011313453316688538	-1.8768925666809082	0.8573247790336609	-0.9946231245994568
2	14	0.030004946514964104	0.012707946822047234	-0.6760022044181824	0.7685303092002869	0.13524097204208374
3	14	0.0439506433904171	0.013481991365551949	0.5080816745758057	1.0290948152542114	1.5946091413497925
4	14	0.022991210222244263	0.013652785681188107	1.930698275566101	0.8432823419570923	2.810624599456787
5	14	0.01181137003004551	0.012344096787273884	0.745620608329773	0.7352893948554993	1.5050654411315918
6	14	0.034996725618839264	0.015073759481310844	-1.8579411506652832	0.8433343172073364	-0.9645363092422485
7	14	0.04072272777557373	0.01806061342358589	-2.59348464012146	0.6668099761009216	-1.8678913116455078
8	14	0.04186635836958885	0.020523875951766968	-2.039813756942749	0.8922683000564575	-1.0851552486419678
9	14	0.04175300523638725	0.021094687283039093	-1.2537091970443726	0.5837640762329102	-0.6070973873138428
10	14	0.03269561380147934	0.019983094185590744	-0.6042956709861755	0.7235599160194397	0.17194294929504395
11	14	0.031889837235212326	0.020596005022525787	-1.0639712810516357	0.859322190284729	-0.15216326713562012
12	14	0.04055378586053848	0.020206697285175323	-1.4184976816177368	0.975953221321106	-0.38178396224975586
13	14	0.05166824534535408	0.019835686311125755	-3.003931760787964	1.0053703784942627	-1.9270575046539307
14	14	0.15444721281528473	0.02112647518515587	-2.9484808444976807	0.639062762260437	-2.1338443756103516
15	14	0.09860163927078247	0.020117899402976036	-4.034081935882568	0.8348487615585327	-3.0805134773254395
0	15	0.08671802282333374	0.01786620169878006	-3.182131290435791	0.7856610417366028	-2.2918860912323
1	15	0.051545388996601105	0.018279459327459335	-1.67648184299469	1.0243933200836182	-0.582263708114624
2	15	0.08507343381643295	0.020210761576890945	-1.0930389165878296	1.1347484588623047	0.1469937562942505
3	15	0.11468838155269623	0.021219652146100998	-0.8269605040550232	0.6746763586997986	-0.016376078128814697
4	15	0.059740494936704636	0.0185080636292696	-0.6170703768730164	0.6235617995262146	0.08473998308181763
5	15	0.06694509088993073	0.015739941969513893	0.24175770580768585	0.6565622091293335	0.9810049533843994
6	15	0.03521839901804924	0.013181514106690884	-1.972170114517212	0.7036049365997314	-1.2201652526855469
7	15	0.05077671632170677	0.01524107065051794	-1.0106722116470337	0.7794770002365112	-0.16517740488052368
8	15	0.10863974690437317	0.017434000968933105	-0.20399078726768494	0.7612869739532471	0.6833699345588684
9	15	0.021343575790524483	0.017832284793257713	-0.21355652809143066	0.7007009387016296	0.5263202786445618
10	15	0.03822358697652817	0.01769138127565384	-0.7780815362930298	0.5591926574707031	-0.16297388076782227
11	15	0.03422131389379501	0.019990544766187668	-2.1032779216766357	0.7378433346748352	-1.311222791671753
12	15	0.06355196237564087	0.01950531266629696	-1.8981472253799438	0.889905571937561	-0.9251843690872192
13	15	0.10897233337163925	0.019969621673226357	-1.0155750513076782	0.9957591891288757	0.10912609100341797
14	15	0.10014976561069489	0.02064782753586769	-0.9019935727119446	0.7992755174636841	0.018079519271850586
15	15	0.09524928033351898	0.018553342670202255	-1.5964319705963135	0.9811558723449707	-0.5014734268188477
0	16	0.07259199023246765	0.01789155602455139	-0.4973597824573517	0.8452702164649963	0.4383939802646637
1	16	0.04266608878970146	0.014371607452630997	-0.9917629957199097	0.7271260023117065	-0.20759928226470947
2	16	0.05279524251818657	0.012963304296135902	-0.931663453578949	0.9782330989837646	0.1123281717300415
3	16	0.05025436729192734	0.011612515896558762	-1.090961217880249	0.7671577334403992	-0.26193660497665405
4	16	0.015869826078414917	0.010448622517287731	-1.246309518814087	0.49976417422294617	-0.7202268838882446
5	16	0.015410621650516987	0.009496718645095825	-1.3501770496368408	0.7664282917976379	-0.5588414072990417
6	16	0.013526388444006443	0.010163182392716408	-2.574263095855713	1.1679145097732544	-1.3826590776443481
7	16	0.004375474527478218	0.01108380127698183	-2.7566375732421875	0.6497954726219177	-2.0913827419281006
8	16	0.005183849949389696	0.011266052722930908	-2.1665611267089844	1.5664515495300293	-0.5836596488952637
9	16	0.007757618557661772	0.012748775072395802	-2.3288912773132324	0.9796421527862549	-1.3287427425384521
10	16	0.013326551765203476	0.015644259750843048	-1.1021435260772705	0.7919179201126099	-0.28125476837158203
11	16	0.021570120006799698	0.016244202852249146	0.05399484187364578	0.8768764734268188	0.9686856269836426
12	16	0.014328571036458015	0.015139637514948845	2.0867342948913574	0.9599091410636902	3.0761117935180664
13	16	0.016219379380345345	0.014600209891796112	2.904572010040283	0.7376064658164978	3.6729981899261475
14	16	0.010146080516278744	0.011934475973248482	2.666124105453491	0.728816568851471	3.4170212745666504
15	16	0.10567543655633926	0.011953297071158886	0.8144247531890869	0.6599757671356201	1.592029333114624
0	17	0.02095092087984085	0.011409970000386238	1.5059928894042969	0.6744216680526733	2.212775468826294
1	17	0.11028463393449783	0.015019169077277184	3.2965455055236816	1.142872929573059	4.564722061157227
2	17	0.013825350441038609	0.010471791960299015	2.4936490058898926	0.644104540348053	3.162050724029541
3	17	0.01012098416686058	0.010685164481401443	-0.9715082049369812	0.7158975005149841	-0.23480457067489624
4	17	0.00801954884082079	0.011971470899879932	-0.03904873505234718	0.8725423812866211	0.8534846901893616
5	17	0.009149070829153061	0.01279838103801012	1.9294068813323975	0.5835667252540588	2.534921169281006
6	17	0.006481328047811985	0.015106409788131714	2.8343827724456787	0.7051714062690735	3.5611419677734375
7	17	0.005537098273634911	0.025734465569257736	3.9661827087402344	0.8539788722991943	4.851432800292969
8	17	0.005718575790524483	0.025818519294261932	1.9046766757965088	0.8023781180381775	2.7385919094085693
9	17	0.006537146866321564	0.031164491549134254	0.6869663596153259	0.6600010395050049	1.3846690654754639
10	17	0.006083555053919554	0.030842250213027	-0.7377523183822632	0.628143310546875	-0.07268321514129639
11	17	0.012415390461683273	0.03791767358779907	-0.5325824618339539	0.7876958250999451	0.30544641613960266
12	17	0.020147481933236122	0.03276935592293739	-0.8441849946975708	0.7029599547386169	-0.08830821514129639
13	17	0.026460302993655205	0.026984399184584618	-1.4123212099075317	1.5260727405548096	0.16719627380371094
14	17	0.030953094363212585	0.020267367362976074	-1.3243306875228882	1.227095603942871	-0.04601466655731201
15	17	0.043045323342084885	0.01631130650639534	-0.8232589960098267	0.7557523250579834	-0.008150041103363037
0	18	0.06937170773744583	0.013762250542640686	-0.8518900275230408	0.7930833697319031	0.02432727813720703
1	18	0.049409057945013046	0.01286204531788826	-0.8783888220787048	1.0212324857711792	0.20511478185653687
2	18	0.04615466296672821	0.013431714847683907	-0.7535239458084106	1.0488723516464233	0.35493481159210205
3	18	0.08959969878196716	0.015496478416025639	-0.30943500995635986	0.964346170425415	0.7600073218345642
4	18	0.04765893146395683	0.01758621260523796	-0.627674400806427	0.8236986994743347	0.2612694501876831
5	18	0.03107287734746933	0.019463159143924713	-0.2847326993942261	0.5913084745407104	0.3571118116378784
6	18	0.03268378973007202	0.020864542573690414	-0.41559475660324097	0.7043647170066833	0.3423182964324951
7	18	0.02616630308330059	0.019682427868247032	-0.6762015223503113	1.0619410276412964	0.43158823251724243
8	18	0.028517959639430046	0.02003788761794567	-0.497911661863327	0.7995327115058899	0.3501769006252289
9	18	0.10025403648614883	0.01970977708697319	-0.5879788994789124	0.7724997997283936	0.3044847249984741
10	18	0.018520565703511238	0.014104429632425308	-0.9250059127807617	0.5294278264045715	-0.3629530668258667
11	18	0.011900349520146847	0.0113381864503026	-0.9963341951370239	0.8091947436332703	-0.16390091180801392
12	18	0.008486472070217133	0.009711403399705887	-0.7433865666389465	0.6483123898506165	-0.07687628269195557
13	18	0.008671731688082218	0.008804786950349808	-1.0594384670257568	0.6240272521972656	-0.4179346561431885
14	18	0.004985010717064142	0.008680792525410652	-1.6221404075622559	0.5920963883399963	-1.0163781642913818
15	18	0.004419690929353237	0.006969841197133064	-1.2648789882659912	0.5950664281845093	-0.6584230661392212
0	19	0.0062975650653243065	0.00690834503620863	-1.3621768951416016	0.8943562507629395	-0.4546147584915161
1	19	0.007292557042092085	0.007906068116426468	-1.4454139471054077	0.4916093945503235	-0.9386059641838074
2	19	0.006156886462122202	0.007688028737902641	-1.4338889122009277	0.6302371025085449	-0.7898068428039551
3	19	0.005712443962693214	0.007459060754626989	-1.4990187883377075	0.3512551188468933	-1.134592056274414
4	19	0.010849812999367714	0.007639429531991482	-1.7210549116134644	0.6221966743469238	-1.080368995666504
5	19	0.006540141999721527	0.007708290126174688	-2.1975412368774414	0.6380626559257507	-1.5452301502227783
6	19	0.006270237732678652	0.006473691668361425	-1.9141737222671509	0.5750242471694946	-1.3264055252075195
7	19	0.006805142387747765	0.007890858687460423	-1.4053505659103394	1.147112250328064	-0.24354231357574463
8	19	0.007039051037281752	0.0071569690480828285	-1.168726921081543	0.7016887068748474	-0.45284217596054077
9	19	0.00535914720967412	0.0070580169558525085	-1.0573093891143799	0.4948597252368927	-0.5500324964523315
10	19	0.005455440375953913	0.008577103726565838	-1.0956101417541504	0.8664036393165588	-0.2151739001274109
11	19	0.007976846769452095	0.008370352908968925	-1.1299023628234863	0.6406269073486328	-0.4729282855987549
12	19	0.008411891758441925	0.008589434437453747	-0.0930657908320427	1.0497040748596191	0.9736396074295044
13	19	0.10216882824897766	0.01342624519020319	-1.5026174783706665	0.791641891002655	-0.5953804850578308
14	19	0.0071058329194784164	0.010733157396316528	-1.9740358591079712	0.8525357842445374	-1.103661060333252
15	19	0.012098560109734535	0.011204579845070839	-1.425034523010254	0.7865715026855469	-0.6151598691940308
0	20	0.011898665688931942	0.01046524103730917	-1.7140769958496094	0.5943650007247925	-1.0973480939865112
1	20	0.014691304415464401	0.011914480477571487	-1.2535178661346436	0.809611976146698	-0.4173000454902649
2	20	0.011192438192665577	0.009613730013370514	-1.670581579208374	0.43925657868385315	-1.2105188369750977
3	20	0.018857819959521294	0.010584414005279541	-1.398874044418335	0.6567505598068237	-0.7126812934875488
4	20	0.015340112149715424	0.008372237905859947	-0.3767106235027313	0.7746590971946716	0.42166081070899963
5	20	0.093679279088974	0.00962839089334011	-0.7961551547050476	0.6259310245513916	-0.06691646575927734
6	20	0.011315428651869297	0.008561447262763977	-0.608695387840271	0.5061814188957214	-0.08263707160949707
7	20	0.013105787336826324	0.008009579963982105	-0.3043607771396637	0.536455512046814	0.2532100975513458
8	20	0.0125450873747468	0.009433519095182419	-0.5372843742370605	0.6134243607521057	0.0981186032295227
9	20	0.011638408526778221	0.008972466923296452	-0.6903738379478455	0.4898967742919922	-0.17986619472503662
10	20	0.015776200219988823	0.007428041193634272	-1.0873360633850098	0.677297055721283	-0.3868348002433777
11	20	0.016735712066292763	0.008317082189023495	-1.061754584312439	0.7273504137992859	-0.30935138463974
12	20	0.017078982666134834	0.007993169128894806	-1.4012176990509033	0.726258397102356	-0.649887204170227
13	20	0.010945329442620277	0.007985886186361313	-1.091336727142334	0.925216555595398	-0.14718890190124512
14	20	0.006725553888827562	0.008248877711594105	-1.8952323198318481	0.5636839866638184	-1.3165738582611084
15	20	0.010202310048043728	0.00787403341382742	-2.281980037689209	1.1439348459243774	-1.1199687719345093
0	21	0.01806066744029522	0.008181236684322357	-2.6568264961242676	0.4833078682422638	-2.1472766399383545
1	21	0.013667575083673	0.008599157445132732	-3.1472933292388916	0.4785654842853546	-2.646461248397827
2	21	0.011891213245689869	0.008961601182818413	-2.4890189170837402	1.23735511302948	-1.2308109998703003
3	21	0.01374852191656828	0.00927187129855156	-2.0106797218322754	0.4389398992061615	-1.5487194061279297
4	21	0.015437404625117779	0.009061085060238838	-1.141050100326538	1.0901607275009155	-0.026390910148620605
5	21	0.11130224168300629	0.010759834200143814	-0.9352151155471802	0.6558479070663452	-0.15730512142181396
6	21	0.01517435908317566	0.00919668935239315	0.0427250936627388	0.9086368680000305	0.9757330417633057
7	21	0.028948504477739334	0.008621923625469208	1.0908297300338745	0.8253450989723206	1.9537453651428223
8	21	0.016147702932357788	0.009492604061961174	2.2921464443206787	0.7068906426429749	3.024677276611328
9	21	0.013927008025348186	0.011674710549414158	2.812255382537842	0.6985634565353394	3.5364203453063965
10	21	0.012452983297407627	0.01903962343931198	3.419370174407959	0.9532430171966553	4.404106140136719
11	21	0.00969694834202528	0.019475065171718597	1.5181585550308228	1.2089731693267822	2.7563037872314453
12	21	0.01420765183866024	0.024808518588542938	0.0029075786005705595	1.1254485845565796	1.1673723459243774
13	21	0.022029977291822433	0.0283709354698658	-0.924275279045105	1.4277721643447876	0.5538977980613708
14	21	0.022715507075190544	0.025270523503422737	-1.1027849912643433	1.1329665184020996	0.07816755771636963
15	21	0.033994853496551514	0.024070005863904953	-1.1050578355789185	1.1800659894943237	0.13307297229766846
0	22	0.050288908183574677	0.02314397320151329	-0.6170055866241455	1.1152220964431763	0.5716493725776672
1	22	0.042731717228889465	0.020734820514917374	-1.173579454421997	0.949017345905304	-0.16109555959701538
2	22	0.05835907533764839	0.020617084577679634	-0.7449118494987488	1.2463823556900024	0.5804466605186462
3	22	0.05594430863857269	0.019154932349920273	-0.5752761363983154	0.9550373554229736	0.4548604488372803
4	22	0.038221556693315506	0.01586642861366272	-0.5873371958732605	0.890676736831665	0.35742753744125366
5	22	0.03226320073008537	0.014467380940914154	-0.668381929397583	0.6249319314956665	0.0032805800437927246
6	22	0.09157155454158783	0.01572040095925331	-0.5962729454040527	0.8520355224609375	0.3630545139312744
7	22	0.017343025654554367	0.014681296423077583	-0.6328954100608826	0.7650868892669678	0.1642158031463623
8	22	0.012495303526520729	0.015102456323802471	-0.5131917595863342	1.2799937725067139	0.7943997383117676
9	22	0.00914482306689024	0.014224614948034286	-0.8807246088981628	1.0251469612121582	0.16779178380966187
10	22	0.0076563721522688866	0.015140730887651443	-0.6300541758537292	0.8095473647117615	0.20229029655456543
11	22	0.0059846206568181515	0.01516682468354702	-0.8440212607383728	0.8118657469749451	-0.011004090309143066
12	22	0.0050055040046572685	0.015091137029230595	-0.6501687169075012	0.9395572543144226	0.30948519706726074
13	22	0.004761195741593838	0.01548248901963234	-0.793472945690155	0.6984201669692993	-0.07480907440185547
14	22	0.0035353393759578466	0.012348316609859467	-0.8070584535598755	0.8251740336418152	0.03399926424026489
15	22	0.005098265595734119	0.011378579773008823	-1.109268069267273	0.5119207501411438	-0.5808704495429993
0	23	0.0023969546891748905	0.012238923460245132	-0.8104336261749268	0.9624374508857727	0.16663968563079834
1	23	0.07942895591259003	0.011744750663638115	-0.8888733983039856	0.9107416272163391	0.1130419373512268
2	23	0.003165443893522024	0.00969795323908329	-0.5882028341293335	0.7997711300849915	0.22443169355392456
3	23	0.0028755944222211838	0.009561797603964806	-0.5633221864700317	0.33237791061401367	-0.21850687265396118
4	23	0.002788275247439742	0.009237192571163177	-0.4369581639766693	0.901418924331665	0.4764862358570099
5	23	0.0036820415407419205	0.008830375038087368	-1.0033495426177979	0.8389667272567749	-0.15187036991119385
6	23	0.00425669876858592	0.00976515095680952	-0.9550150036811829	1.174079418182373	0.23308628797531128
7	23	0.005063961260020733	0.008229592815041542	-0.9528037309646606	0.6283835768699646	-0.31112658977508545
8	23	0.004829301033169031	0.00844317302107811	-0.6117449402809143	0.8315846920013428	0.23311221599578857
9	23	0.005042079370468855	0.008828060701489449	-0.4929574728012085	0.6601773500442505	0.18109002709388733
10	23	0.003447479335591197	0.009242447093129158	-0.2580399215221405	0.8550316095352173	0.6096816062927246
11	23	0.0033846634905785322	0.009238995611667633	-0.1289137303829193	1.2011799812316895	1.0848898887634277
12	23	0.008984718471765518	0.009295003488659859	-1.2888051271438599	0.7257912158966064	-0.5447342395782471
13	23	0.00873542483896017	0.009905623272061348	-1.9950120449066162	1.0639430284500122	-0.9124280214309692
14	23	0.0051954034715890884	0.010016849264502525	-2.163886785507202	0.781671941280365	-1.3670024871826172
15	23	0.006327158771455288	0.010285576805472374	-2.3969907760620117	0.8379488587379456	-1.5424292087554932
0	24	0.007560716010630131	0.008823101408779621	-3.3325023651123047	0.6960408687591553	-2.620077610015869
1	24	0.0059669469483196735	0.00975804589688778	-4.2843427658081055	0.6412070393562317	-3.627410650253296
2	24	0.004821971524506807	0.008936116471886635	-2.8072257041931152	0.9186964631080627	-1.8747711181640625
3	24	0.01136088278144598	0.009639873169362545	-2.809668779373169	0.5225358009338379	-2.266132116317749
4	24	0.008411160670220852	0.012072104960680008	-2.556473731994629	0.7335741519927979	-1.8024163246154785
5	24	0.013281945139169693	0.013455926440656185	-1.5628350973129272	1.5393234491348267	0.0032262802124023438
6	24	0.024803534150123596	0.013003512285649776	-0.9041814804077148	1.115047812461853	0.24867337942123413
7	24	0.014289434999227524	0.013588564470410347	-0.25681889057159424	0.5755010843276978	0.34656018018722534
8	24	0.013539493083953857	0.011834624223411083	0.2258065640926361	0.6545242071151733	0.9057048559188843
9	24	0.01634584181010723	0.01265404187142849	0.07858539372682571	1.281846523284912	1.3894318342208862
10	24	0.013488493859767914	0.010925494134426117	0.062009990215301514	1.0162838697433472	1.102707862854004
11	24	0.07941634953022003	0.010947830975055695	0.1610146015882492	0.5682247281074524	0.8196035027503967
12	24	0.027525320649147034	0.010349693708121777	-0.1669926941394806	0.83741295337677	0.7082952857017517
13	24	0.01685239002108574	0.011963116936385632	-0.022219600155949593	0.7091041803359985	0.715700089931488
14	24	0.008180740289390087	0.011606447398662567	0.12684863805770874	0.8747528791427612	1.0213887691497803
15	24	0.014032475650310516	0.01576029136776924	0.21099281311035156	1.206483006477356	1.4472686052322388
0	25	0.009452215395867825	0.014635979197919369	-0.06343575567007065	0.66965651512146	0.630308985710144
1	25	0.007964418269693851	0.014857495203614235	-0.11025650054216385	1.3650099039077759	1.2775752544403076
2	25	0.08914898335933685	0.01566455140709877	-0.674425482749939	0.8326982855796814	0.26308631896972656
3	25	0.019383098930120468	0.012087564915418625	-0.5634592175483704	0.9758475422859192	0.4438589811325073
4	25	0.022140823304653168	0.010609536431729794	-1.1345003843307495	1.0616182088851929	-0.04013180732727051
5	25	0.0253249891102314	0.01027334202080965	-1.5724163055419922	0.7959942817687988	-0.7408237457275391
6	25	0.02667766995728016	0.01033690944314003	-1.7320921421051025	0.7794966697692871	-0.9155808687210083
7	25	0.01966315135359764	0.01064319722354412	-1.697877287864685	0.8824303150177002	-0.7851406335830688
8	25	0.01354389637708664	0.009662508964538574	-2.049065113067627	1.2420011758804321	-0.7838574647903442
9	25	0.008904382586479187	0.011674419045448303	-2.076772928237915	0.9343772530555725	-1.121816873550415
10	25	0.008988481014966965	0.011014830321073532	-2.4024293422698975	0.995840311050415	-1.3865857124328613
11	25	0.005552970338612795	0.010400613769888878	-2.562840223312378	1.3351285457611084	-1.2117581367492676
12	25	0.008417271077632904	0.009152790531516075	-2.6245052814483643	1.0082720518112183	-1.5986632108688354
13	25	0.009029362350702286	0.008995379321277142	-2.677544355392456	1.4456140995025635	-1.2139055728912354
14	25	0.00345101417042315	0.007530026137828827	-2.4499783515930176	1.0687867403030396	-1.3702105283737183
15	25	0.009642321616411209	0.008043034002184868	-2.0827691555023193	0.878997802734375	-1.1860859394073486
0	26	0.0074545652605593204	0.007289285771548748	-1.5514814853668213	0.9636850953102112	-0.5730525851249695
1	26	0.010590785183012486	0.007483316119760275	-0.7493636608123779	1.3390346765518188	0.6077451109886169
2	26	0.011789487674832344	0.006843698211014271	0.044127579778432846	1.069172739982605	1.1319334506988525
3	26	0.01991909369826317	0.007087782956659794	0.3973235785961151	0.8459113240242004	1.2702417373657227
4	26	0.022757921367883682	0.0077395313419401646	0.8949421644210815	0.7421914935112	1.6676311492919922
5	26	0.014793393202126026	0.007285746745765209	1.2001579999923706	1.2393547296524048	2.4615917205810547
6	26	0.020655937492847443	0.007304713129997253	1.365246295928955	0.8352857828140259	2.2284927368164062
7	26	0.022002486512064934	0.007283098995685577	1.4634969234466553	0.7822349071502686	2.275017261505127
8	26	0.014357924461364746	0.006379514932632446	1.4801015853881836	0.8072435259819031	2.3080825805664062
9	26	0.019470753148198128	0.006770485546439886	1.4077515602111816	0.9562928676605225	2.3902854919433594
10	26	0.013127773068845272	0.006827180273830891	1.431889295578003	0.9949920177459717	2.446836233139038
11	26	0.020711218938231468	0.007033111527562141	1.6020019054412842	0.968292236328125	2.5980384349823
12	26	0.011823749169707298	0.0058610630221664906	1.9197683334350586	0.6243856549263	2.5618388652801514
13	26	0.0876648798584938	0.007316558621823788	1.2988529205322266	1.2636183500289917	2.6574525833129883
14	26	0.0063712927512824535	0.00664675235748291	0.318674236536026	1.0326673984527588	1.3643596172332764
15	26	0.010669488459825516	0.006154782138764858	-0.20084625482559204	1.1078364849090576	0.9238145351409912
0	27	0.007930322550237179	0.006416019517928362	0.016739418730139732	0.8441085815429688	0.8751943707466125
1	27	0.08204355090856552	0.0067747412249445915	0.5914233326911926	0.5667052268981934	1.2469468116760254
2	27	0.005730318371206522	0.005891331471502781	0.570820689201355	0.7002827525138855	1.2827250957489014
3	27	0.005588062573224306	0.005225306376814842	0.7770184278488159	0.8977482914924622	1.6855800151824951
4	27	0.004796735476702452	0.006191583815962076	0.6232236623764038	0.7644855380058289	1.3986974954605103
5	27	0.0050683822482824326	0.0050291456282138824	0.14296525716781616	1.141541838645935	1.2946046590805054
6	27	0.004619890358299017	0.005187532864511013	0.14238440990447998	1.0442075729370117	1.196399450302124
7	27	0.0057592918165028095	0.005299925804138184	-0.5721785426139832	0.6699127554893494	0.10879343748092651
8	27	0.0028759946580976248	0.004924720153212547	1.5440316200256348	0.7724847793579102	2.32431697845459
9	27	0.003981674090027809	0.004669099114835262	-0.2161216139793396	0.818135142326355	0.6106643080711365
10	27	0.0039170728996396065	0.00449620233848691	-0.3740229904651642	0.46921974420547485	0.10361003875732422
11	27	0.003768131136894226	0.004544341005384922	-0.6385576725006104	0.5797801613807678	-0.05046504735946655
12	27	0.0035310948733240366	0.004557393956929445	-0.11859490722417831	1.1006906032562256	0.9901841878890991
13	27	0.0023869613651186228	0.004537236876785755	-1.3163321018218994	0.5761749148368835	-0.7332330346107483
14	27	0.0026693895924836397	0.004847414791584015	-0.5448383688926697	1.1396416425704956	0.6023200750350952
15	27	0.003362982766702771	0.005164910573512316	-0.09564254432916641	0.8987413048744202	0.811626672744751
0	28	0.0026305178180336952	0.006186777725815773	1.2182552814483643	0.6807085871696472	1.9077811241149902
1	28	0.002831721445545554	0.006385735236108303	0.395689994096756	0.7209393382072449	1.1258468627929688
2	28	0.0035832622088491917	0.0069016357883811	0.06425023078918457	0.8031766414642334	0.8779117465019226
3	28	0.0031055863946676254	0.007667092606425285	-0.1182076558470726	0.7909210324287415	0.6834860444068909
4	28	0.005148829892277718	0.007633627392351627	-0.8186317086219788	0.863856315612793	0.05800706148147583
5	28	0.006160594988614321	0.007905152626335621	-1.5600839853286743	0.6155105829238892	-0.9305076599121094
6	28	0.010918958112597466	0.009218093007802963	-1.3996816873550415	0.9847239255905151	-0.3948206901550293
7	28	0.006377457175403833	0.005986948497593403	-1.9119799137115479	0.6869841814041138	-1.212631344795227
8	28	0.009985868819057941	0.006316950544714928	-1.9196605682373047	0.832107663154602	-1.071250081062317
9	28	0.008984403684735298	0.00526591669768095	-1.720237135887146	1.0475653409957886	-0.658421516418457
10	28	0.00549078406766057	0.005975349806249142	-2.193453550338745	1.0407507419586182	-1.1412367820739746
11	28	0.005066498648375273	0.007408789824694395	-1.983046054840088	0.8589685559272766	-1.1116023063659668
12	28	0.0037153379525989294	0.009339524433016777	-3.194814920425415	1.068433403968811	-2.1133265495300293
13	28	0.07473046332597733	0.01127564162015915	-2.3719890117645264	1.1444085836410522	-1.1415742635726929
14	28	0.0027010480407625437	0.013542922213673592	-2.3643455505371094	0.6229770183563232	-1.7251245975494385
15	28	0.0024383319541811943	0.013598023913800716	-1.5496699810028076	0.8904638290405273	-0.6431697607040405
0	29	0.0033626321237534285	0.012839037925004959	-0.7427308559417725	0.9464365839958191	0.21990740299224854
1	29	0.004280245862901211	0.012141499668359756	0.11567813158035278	0.7304007411003113	0.8625006079673767
2	29	0.005459329579025507	0.010332382284104824	0.577353298664093	1.0147062540054321	1.607851266860962
3	29	0.0043683904223144054	0.007659443188458681	0.6264335513114929	0.6413701772689819	1.2798316478729248
4	29	0.004453913774341345	0.00627995515242219	0.3591246008872986	0.8248595595359802	1.1947180032730103
5	29	0.07811612635850906	0.0062757981941103935	0.08398954570293427	1.7841261625289917	1.9525076150894165
6	29	0.00355273624882102	0.0045915087684988976	-0.10074546933174133	0.8997126221656799	0.807111382484436
7	29	0.0053142281249165535	0.00554334931075573	-0.3518495261669159	0.6155201196670532	0.2745281755924225
8	29	0.006778150796890259	0.005484237801283598	-0.4813931882381439	0.8433421850204468	0.3742113709449768
9	29	0.004777667578309774	0.006015324033796787	-0.5340599417686462	0.983588695526123	0.46032172441482544
10	29	0.005730436649173498	0.0072369952686131	-0.3354890048503876	1.0959525108337402	0.7734309434890747
11	29	0.006573228165507317	0.007415603846311569	-0.054354991763830185	0.8756402134895325	0.8352740406990051
12	29	0.005070291459560394	0.00786408968269825	-0.019508613273501396	0.7547670602798462	0.7481928467750549
13	29	0.0052438341081142426	0.007390311453491449	0.08764765411615372	0.7800133228302002	0.8802950978279114
14	29	0.004809901118278503	0.007030074018985033	0.4817527234554291	1.0382319688796997	1.5318247079849243
15	29	0.0049038357101380825	0.007230909541249275	0.7917525172233582	0.7461797595024109	1.5500669479370117
0	30	0.00543893501162529	0.008092522621154785	0.4527894854545593	1.4441859722137451	1.9105069637298584
1	30	0.00598643533885479	0.008457137271761894	0.4107959270477295	0.9173771739006042	1.3426166772842407
2	30	0.011937938630580902	0.007777738384902477	-0.4504818618297577	0.8066918253898621	0.37592563033103943
3	30	0.00854075700044632	0.006860340479761362	-0.6130339503288269	0.6760297417640686	0.07839691638946533
4	30	0.015930505469441414	0.007033699192106724	-0.907602846622467	0.8419356942176819	-0.04270297288894653
5	30	0.022914094850420952	0.0070304167456924915	-0.6803221106529236	0.9727787375450134	0.32240116596221924
6	30	0.01745087094604969	0.006735031958669424	-1.400884747505188	0.7047997117042542	-0.671899139881134
7	30	0.01980418711900711	0.006857988890260458	-1.2806684970855713	0.7885967493057251	-0.465409517288208
8	30	0.013561381958425045	0.006465187296271324	-1.6841621398925781	0.6931846737861633	-0.9709509015083313
9	30	0.014921225607395172	0.0062365178018808365	-1.6948801279067993	0.9340193867683411	-0.7397029995918274
10	30	0.011426711454987526	0.00624280609190464	-1.9261287450790405	0.7749292254447937	-1.1335299015045166
11	30	0.009342472068965435	0.006419309414923191	-1.458742618560791	0.7177554965019226	-0.7252253890037537
12	30	0.006571808829903603	0.00565156526863575	-2.0579607486724854	0.9719547033309937	-1.0737825632095337
13	30	0.004813394043594599	0.005873620510101318	-1.8317458629608154	0.6337170600891113	-1.1873418092727661
14	30	0.005133026745170355	0.006103574763983488	-1.9440394639968872	0.7004655003547668	-1.232337474822998
15	30	0.08157169073820114	0.007395443506538868	-2.2327539920806885	0.5336132049560547	-1.6101737022399902
0	31	0.0028037705924361944	0.006179820280522108	-1.6463465690612793	1.0157777070999146	-0.6215852499008179
1	31	0.0037578765768557787	0.006372583098709583	-1.9979616403579712	0.6930858492851257	-1.2947454452514648
2	31	0.003066573990508914	0.006681002676486969	-1.8391064405441284	0.9804048538208008	-0.8489539623260498
3	31	0.08011666685342789	0.007527528330683708	-1.725151538848877	0.6820664405822754	-0.955440878868103
4	31	0.002570344367995858	0.006281433627009392	-1.5075937509536743	0.7376216650009155	-0.7611203193664551
5	31	0.002475051674991846	0.006328642833977938	-1.2055953741073608	0.8754616975784302	-0.3213299512863159
6	31	0.0031327251344919205	0.00581788644194603	-1.2092615365982056	0.5710409283638	-0.6292700171470642
7	31	0.0027310687582939863	0.005729140248149633	-0.9809183478355408	0.6530601382255554	-0.3193979859352112
8	31	0.0032810147386044264	0.005942705553025007	-0.8745212554931641	0.9688769578933716	0.10357940196990967
9	31	0.005538816098123789	0.006107034627348185	-1.0548431873321533	0.5791329741477966	-0.46406441926956177
10	31	0.00433541601523757	0.00557479914277792	-0.6369116306304932	0.6205199360847473	-0.006481468677520752
11	31	0.004955671727657318	0.005165577866137028	-1.06350576877594	0.4848651587963104	-0.5685193538665771
12	31	0.002451172564178705	0.004826968070119619	-0.6124904751777649	1.142939567565918	0.5377272367477417
13	31	0.00376623566262424	0.004962821025401354	-0.28939735889434814	0.6146105527877808	0.3339422643184662
14	31	0.002728411229327321	0.004501223098486662	-0.3773314654827118	1.267999529838562	0.8978977203369141
15	31	0.003541130805388093	0.004599322099238634	0.23504512012004852	1.3223176002502441	1.5655031204223633
0	32	0.0024123939219862223	0.0049938322044909	0.22454510629177094	0.6998705267906189	0.9318218231201172
1	32	0.0028472242411226034	0.0068200514651834965	0.182771697640419	0.9274377822875977	1.119876742362976
2	32	0.0035956797655671835	0.006692029535770416	-0.6603378653526306	0.678240954875946	0.028190791606903076
3	32	0.00545766856521368	0.00855275895446539	-0.2928738594055176	1.2171728610992432	0.9383094310760498
4	32	0.006431552115827799	0.008897281251847744	-0.5306621193885803	0.878396213054657	0.36306291818618774
5	32	0.00801166333258152	0.008568686433136463	-1.0367178916931152	0.7583273649215698	-0.26181018352508545
6	32	0.008062255568802357	0.008429666981101036	-0.7176204323768616	0.73681640625	0.035687923431396484
7	32	0.01015169732272625	0.008565017953515053	-0.933805525302887	1.040448546409607	0.12535971403121948
8	32	0.008850624784827232	0.006880887784063816	-1.1981979608535767	0.6163859963417053	-0.5660805106163025
9	32	0.06323650479316711	0.00832211785018444	-1.3057808876037598	0.8227528929710388	-0.41146939992904663
10	32	0.0067140646278858185	0.0074068475514650345	-1.1773056983947754	0.6896318793296814	-0.4735528826713562
11	32	0.011032598093152046	0.007727577351033688	-1.0063759088516235	1.098747968673706	0.11113226413726807
12	32	0.007495380938053131	0.006810211576521397	-1.1933854818344116	0.6923014521598816	-0.4867784380912781
13	32	0.009624006226658821	0.006688966415822506	-1.4522191286087036	0.947900652885437	-0.48800551891326904
14	32	0.009391143918037415	0.00632852129638195	-1.5319243669509888	0.4843566417694092	-1.0318480730056763
15	32	0.005705428775399923	0.006564417853951454	-1.394898533821106	1.2251659631729126	-0.1574627161026001
0	33	0.005007886793464422	0.005904060788452625	-1.3851139545440674	0.7330785989761353	-0.6411234140396118
1	33	0.0037464562337845564	0.0052626412361860275	-1.5120773315429688	0.9972254633903503	-0.5058427453041077
2	33	0.05991833284497261	0.005812732502818108	-1.5142492055892944	1.1639150381088257	-0.2846031188964844
3	33	0.003102879738435149	0.005552644841372967	-1.1909157037734985	0.9351702928543091	-0.24708986282348633
4	33	0.0026952598709613085	0.005591438151896	-1.6515390872955322	0.9172696471214294	-0.7259827256202698
5	33	0.00330003397539258	0.005584114696830511	-1.0113446712493896	0.7102967500686646	-0.2921637296676636
6	33	0.0038547636941075325	0.005501346662640572	-0.9918846487998962	0.8071268796920776	-0.1754016876220703
7	33	0.0028104926459491253	0.005316443275660276	-0.7624443769454956	1.1930875778198242	0.4387701153755188
8	33	0.004251803271472454	0.005496008787304163	-0.6438236832618713	1.290403962135315	0.6563280820846558
9	33	0.004268272314220667	0.005547916516661644	-0.7616642713546753	0.3566860854625702	-0.39516201615333557
10	33	0.00716220960021019	0.004889598116278648	-0.8258913159370422	1.1587172746658325	0.34487777948379517
11	33	0.004966975189745426	0.005001095123589039	-1.008386492729187	0.49199873208999634	-0.5064197182655334
12	33	0.006551577243953943	0.0049375202506780624	-1.081735372543335	0.8378105163574219	-0.2324357032775879
13	33	0.0035024634562432766	0.004740637727081776	-1.1762936115264893	0.6125327348709106	-0.5555177927017212
14	33	0.0027585376519709826	0.0052251750603318214	-1.076213002204895	0.6785950660705566	-0.38963425159454346
15	33	0.005174054764211178	0.004891880787909031	-1.4476191997528076	0.6678404808044434	-0.7697128057479858
0	34	0.005722549743950367	0.004940299782902002	-1.285841703414917	0.7923126220703125	-0.4828662872314453
1	34	0.003982255235314369	0.004795490764081478	-1.2142300605773926	0.7223789095878601	-0.4830734133720398
2	34	0.002843670779839158	0.004450511187314987	-0.7551109790802002	0.8588759303092957	0.11105912923812866
3	34	0.00337811722420156	0.005043786019086838	-0.40918657183647156	0.6961814165115356	0.2954167425632477
4	34	0.007774137891829014	0.005174877122044563	-0.5380164980888367	0.6723105907440186	0.14724308252334595
5	34	0.004899303428828716	0.004877184517681599	-0.6408784985542297	0.8386018872261047	0.20749986171722412
6	34	0.06503050029277802	0.005796755664050579	-0.6234065294265747	0.8058074116706848	0.2532281279563904
7	34	0.007702320348471403	0.005220192018896341	-1.045954942703247	0.5679961442947388	-0.4650362730026245
8	34	0.008444851264357567	0.005020445212721825	-0.5199351906776428	0.868831992149353	0.3623620867729187
9	34	0.007586588617414236	0.005083070136606693	-0.5277881622314453	1.3891372680664062	0.8740187883377075
10	34	0.009338530711829662	0.006542613729834557	-0.6306370496749878	0.9670243263244629	0.35226839780807495
11	34	0.01416956540197134	0.006989554036408663	-0.9507290720939636	1.0514438152313232	0.12187385559082031
12	34	0.010518267750740051	0.007388366851955652	-0.921840250492096	0.8501008749008179	-0.0538327693939209
13	34	0.012197381816804409	0.0072907451540231705	-1.3131502866744995	0.7187860608100891	-0.5748761296272278
14	34	0.006755211390554905	0.00689946673810482	-1.8312625885009766	0.7835251092910767	-1.0340827703475952
15	34	0.005557367578148842	0.006396193988621235	-1.584220051765442	0.7190565466880798	-0.853209912776947
0	35	0.004153776448220015	0.005485316272825003	-1.438498854637146	0.9893057942390442	-0.4395539164543152
1	35	0.004219277761876583	0.005185827612876892	-2.142343282699585	0.8018180727958679	-1.3311200141906738
2	35	0.002765107434242964	0.005407765042036772	-2.3407702445983887	0.9209446310997009	-1.4116525650024414
3	35	0.004014193080365658	0.005509738810360432	-2.244347333908081	1.043721318244934	-1.191102147102356
4	35	0.0031599763315171003	0.006204696372151375	-2.4390270709991455	0.863657534122467	-1.566004991531372
5	35	0.0029333445709198713	0.007467787712812424	-1.9778048992156982	0.7997146248817444	-1.1676890850067139
6	35	0.003978898748755455	0.00858493521809578	-1.2479099035263062	1.0348007678985596	-0.2005453109741211
7	35	0.003590427339076996	0.009248239919543266	-0.5054627656936646	0.9561980366706848	0.4635739326477051
8	35	0.0037693320773541927	0.009759968146681786	0.1718459129333496	1.299957513809204	1.485332727432251
9	35	0.004004866816103458	0.010380743071436882	0.9897432923316956	0.9098114967346191	1.9139404296875
10	35	0.06118233874440193	0.009826621040701866	1.5188525915145874	0.7658032774925232	2.3556647300720215
11	35	0.003228233428671956	0.008377881720662117	2.101900577545166	0.9722897410392761	3.085796594619751
12	35	0.003889369312673807	0.008356351405382156	2.165963649749756	0.7102197408676147	2.8884291648864746
13	35	0.003125912044197321	0.007998446002602577	2.189262866973877	1.0290473699569702	3.2294344902038574
14	35	0.004549940582364798	0.007929516024887562	1.588026762008667	1.0041371583938599	2.6046433448791504
15	35	0.0027919041458517313	0.007066011428833008	0.7981853485107422	0.6557864546775818	1.463829755783081
0	36	0.002393749775364995	0.007518462836742401	0.37872591614723206	0.6439494490623474	1.0325875282287598
1	36	0.0021986982319504023	0.008218884468078613	0.5168688297271729	0.7126166224479675	1.2399029731750488
2	36	0.0569407157599926	0.009286900982260704	0.7196990847587585	0.5552598834037781	1.3411865234375
3	36	0.0023701349273324013	0.008554731495678425	0.4700726568698883	0.8474197387695312	1.3284173011779785
4	36	0.0046745724976062775	0.007914464920759201	0.18850339949131012	0.7470559477806091	0.9481483697891235
5	36	0.006068797316402197	0.009135257452726364	-0.11774009466171265	1.0092281103134155	0.9066920876502991
6	36	0.006310951896011829	0.009540455415844917	-0.24046720564365387	0.7788662314414978	0.5542504191398621
7	36	0.014645488001406193	0.00852061714977026	-0.4630674421787262	0.8182598352432251	0.37835848331451416
8	36	0.009606940671801567	0.006995458155870438	-0.39526769518852234	0.7158886194229126	0.3372233211994171
9	36	0.03144823759794235	0.008419353514909744	-0.48760831356048584	0.8626638650894165	0.41492313146591187
10	36	0.02013278566300869	0.007471204735338688	-0.6863284111022949	1.1500173807144165	0.49129295349121094
11	36	0.015800362452864647	0.007024753838777542	-0.573876142501831	0.8494837880134583	0.29843276739120483
12	36	0.012859467417001724	0.007615234702825546	-0.3960425555706024	0.7245844006538391	0.34901654720306396
13	36	0.006890286225825548	0.007671210914850235	-0.769147515296936	1.0632089376449585	0.30862289667129517
14	36	0.005740193650126457	0.00685338769108057	-0.9993380308151245	1.0456119775772095	0.05886751413345337
15	36	0.004219810478389263	0.006561395712196827	-1.0672494173049927	1.3626481294631958	0.30617988109588623
0	37	0.003692739875987172	0.007179846987128258	-0.8995543718338013	0.9372889399528503	0.04860717058181763
1	37	0.002344157313928008	0.006722622085362673	-1.4890395402908325	0.7262109518051147	-0.7537617683410645
2	37	0.001751423580572009	0.0063921138644218445	-1.8869268894195557	1.070583701133728	-0.8081996440887451
3	37	0.0017556982347741723	0.006223679054528475	-2.5728368759155273	1.0125735998153687	-1.5522838830947876
4	37	0.0016972661251202226	0.007055841851979494	-2.781411647796631	0.9009566307067871	-1.871701955795288
5	37	0.0034058319870382547	0.007518440019339323	-3.1859610080718994	0.9989463090896606	-2.1760902404785156
6	37	0.008758237585425377	0.007463876623660326	-3.07511568069458	1.5769834518432617	-1.481910228729248
7	37	0.05941478908061981	0.009452668949961662	-2.765948534011841	0.7281731963157654	-1.9689078330993652
8	37	0.009395287372171879	0.007096166722476482	-2.102721929550171	0.8787606954574585	-1.2074698209762573
9	37	0.015686266124248505	0.0072900885716080666	-1.3910977840423584	0.6490669250488281	-0.7190544605255127
10	37	0.018717890605330467	0.0072628287598490715	-0.6180627346038818	1.0626336336135864	0.47055160999298096
11	37	0.025739450007677078	0.00845761876553297	0.07108014076948166	1.5380336046218872	1.643310785293579
12	37	0.01596883311867714	0.007457633502781391	0.8272793292999268	1.352948546409607	2.2036542892456055
13	37	0.02853994444012642	0.008285648189485073	1.3089320659637451	0.7959312200546265	2.141688823699951
14	37	0.02161906473338604	0.008036636747419834	1.784921407699585	1.4840773344039917	3.298654556274414
15	37	0.02813502959907055	0.008391177281737328	2.174906015396118	0.8425049781799316	3.0539371967315674
0	38	0.015452146530151367	0.007679610513150692	2.449777841567993	1.1394991874694824	3.6124088764190674
1	38	0.017492514103651047	0.007455870509147644	2.509798049926758	1.1758296489715576	3.710576057434082
2	38	0.015818709507584572	0.006871525663882494	2.626699924468994	1.4032082557678223	4.052598476409912
3	38	0.011766956187784672	0.0069551244378089905	2.581202507019043	1.029625654220581	3.6295502185821533
4	38	0.012938416562974453	0.006734314374625683	2.4493868350982666	0.8528421521186829	3.321901559829712
5	38	0.009289685636758804	0.005323953926563263	2.4037768840789795	1.1725029945373535	3.590893507003784
6	38	0.00817335955798626	0.0050531006418168545	2.3573014736175537	0.891417920589447	3.261945962905884
7	38	0.007827558554708958	0.004562358371913433	2.296839475631714	0.7087578177452087	3.0179872512817383
8	38	0.007056800182908773	0.005667706951498985	2.101625919342041	1.2190661430358887	3.33341646194458
9	38	0.008285926654934883	0.005003954283893108	1.9474928379058838	1.1313351392745972	3.0921177864074707
10	38	0.0046036201529204845	0.005481871776282787	1.7922080755233765	0.7625336647033691	2.5648272037506104
11	38	0.004305520094931126	0.005170570220798254	1.593294382095337	0.7156235575675964	2.3183939456939697
12	38	0.00401472020894289	0.005228474736213684	1.3811055421829224	0.995734691619873	2.3860836029052734
13	38	0.07449483126401901	0.006488921586424112	1.1003881692886353	0.8540108799934387	2.0353827476501465
14	38	0.0033689613919705153	0.004858678672462702	0.9313346147537231	0.8706982731819153	1.810260534286499
15	38	0.003229639958590269	0.004994986578822136	0.7564409971237183	1.5205888748168945	2.28525447845459
0	39	0.0033860846888273954	0.004982044920325279	0.5988150835037231	1.0859594345092773	1.6931426525115967
1	39	0.0029141653794795275	0.003964339382946491	0.5105637907981873	0.7760164737701416	1.2934587001800537
2	39	0.0030815850477665663	0.004200092051178217	0.3699873387813568	0.7753543257713318	1.1526234149932861
3	39	0.0027985177002847195	0.004011762328445911	0.29442721605300903	1.2236937284469604	1.5249311923980713
4	39	0.002636074321344495	0.0038271660450845957	0.15446387231349945	1.1344823837280273	1.2954094409942627
5	39	0.0714910551905632	0.004548217635601759	0.08857116848230362	0.8698943853378296	1.0345048904418945
6	39	0.001887112041004002	0.0036514285020530224	0.08850552886724472	1.237709641456604	1.3317537307739258
7	39	0.001904600765556097	0.0037361825816333294	0.13701561093330383	0.7402661442756653	0.8829225301742554
8	39	0.0019334175158292055	0.003908619750291109	0.19446980953216553	1.9269943237304688	2.1273062229156494
9	39	0.0017951016779989004	0.003815195057541132	0.2694099247455597	1.008387804031372	1.2834080457687378
10	39	0.0021783150732517242	0.004112635739147663	0.41754621267318726	0.7822051644325256	1.2060422897338867
11	39	0.002124543534591794	0.003941531293094158	0.5029152631759644	0.6826571226119995	1.191638469696045
12	39	0.002104192040860653	0.003874673508107662	0.5598297119140625	0.7133713364601135	1.2791799306869507
13	39	0.0018628148827701807	0.0034449216909706593	0.5890436172485352	1.2944403886795044	1.888791799545288
14	39	0.0018216557800769806	0.0033989385701715946	0.6686473488807678	1.1736481189727783	1.8475160598754883
15	39	0.0016286758473142982	0.003094273153692484	0.7591991424560547	0.5958470106124878	1.3597691059112549
0	40	0.001550199813209474	0.003261514939367771	0.7987463474273682	0.6314334869384766	1.4349915981292725
1	40	0.00180145597551018	0.003243343671783805	0.8550483584403992	1.44908607006073	2.3091793060302734
2	40	0.0018803778802976012	0.0033866558223962784	0.9226375222206116	0.9484645128250122	1.8763689994812012
3	40	0.0021277328487485647	0.0034880146849900484	0.9534624814987183	0.8772116303443909	1.836289882659912
4	40	0.0016099440399557352	0.0032103336416184902	1.0645664930343628	0.9968921542167664	2.0662789344787598
5	40	0.0015134616987779737	0.002735306043177843	1.182779312133789	1.0843228101730347	2.271350860595703
6	40	0.0016979960491880774	0.0031141135841608047	1.241728663444519	0.5199602246284485	1.7665009498596191
7	40	0.0016618872759863734	0.003308188170194626	1.3078581094741821	0.8255982995033264	2.1384265422821045
8	40	0.001350155915133655	0.003030269406735897	1.3672163486480713	1.561769962310791	2.9333667755126953
9	40	0.0018601076444610953	0.003319049719721079	1.1986850500106812	0.6365975737571716	1.8404617309570312
10	40	0.0015900847502052784	0.0033288937993347645	1.1343293190002441	0.8304001092910767	1.9696483612060547
11	40	0.001641330192796886	0.003552864771336317	0.9731160402297974	1.3565207719802856	2.3348309993743896
12	40	0.0014674551784992218	0.003140621120110154	0.7857621312141418	1.210832953453064	2.0012030601501465
13	40	0.07268865406513214	0.004237300716340542	0.4943079948425293	1.0482003688812256	1.6194343566894531
14	40	0.0013803057372570038	0.0030955038964748383	0.5176134705543518	0.7670699954032898	1.2891592979431152
15	40	0.0014492705231532454	0.003059492213651538	0.48045942187309265	0.855317234992981	1.3402854204177856
0	41	0.0015338669763877988	0.003032407723367214	0.48548802733421326	0.9894574284553528	1.4795117378234863
1	41	0.001518690725788474	0.00284982705488801	0.7055333852767944	0.8448821902275085	1.5547840595245361
2	41	0.0016824603080749512	0.003018660005182028	0.823076605796814	0.908767819404602	1.7365455627441406
3	41	0.0017155705718323588	0.0029267240315675735	0.7689347863197327	0.7188082933425903	1.4923853874206543
4	41	0.0013380349846556783	0.0028344723396003246	0.7252280116081238	1.4050664901733398	2.134467124938965
5	41	0.0015019250568002462	0.0029248567298054695	0.42923831939697266	0.764268696308136	1.1979337930679321
6	41	0.0014975295634940267	0.002852544654160738	0.4798644483089447	1.152195692062378	1.6364102363586426
7	41	0.001535105286166072	0.002773068379610777	0.5313858389854431	0.8151069283485413	1.3508009910583496
8	41	0.001348700257949531	0.0029509426094591618	1.155349612236023	1.112176537513733	2.2718257904052734
9	41	0.0015965263592079282	0.0027945342008024454	0.9304609894752502	0.4603345990180969	1.3951866626739502
10	41	0.0614812858402729	0.004023175220936537	0.2852640748023987	0.900138795375824	1.250907301902771
11	41	0.0014053123304620385	0.0031027321238070726	-0.05061475560069084	0.9484944343566895	0.9023877382278442
12	41	0.0014076995430514216	0.003088052850216627	0.8959438800811768	1.0479117631912231	1.9483513832092285
13	41	0.0015956227434799075	0.0029725697822868824	1.8473803997039795	0.7771352529525757	2.6290838718414307
14	41	0.0014124885201454163	0.0031231639441102743	2.2178423404693604	0.9856542944908142	3.2080323696136475
15	41	0.0015119569143280387	0.002839044900611043	1.270422339439392	0.7499335408210754	2.0247068405151367
0	42	0.001502983970567584	0.0030646920204162598	0.04670815169811249	0.9685974717140198	1.0198732614517212
1	42	0.05782904103398323	0.004559352062642574	-0.8452005982398987	0.8316241502761841	0.04881197214126587
2	42	0.0015085303457453847	0.0028495462611317635	-0.05192561820149422	0.9689356684684753	0.9213681221008301
3	42	0.0017554676160216331	0.003361096139997244	0.9167772531509399	0.6207790374755859	1.542672872543335
4	42	0.0016143971588462591	0.0027798875235021114	2.0445854663848877	0.9287487864494324	2.9777286052703857
5	42	0.0016534042079001665	0.0030222400091588497	2.289107084274292	0.7914756536483765	3.0852584838867188
6	42	0.0014839957002550364	0.0032408516854047775	2.6003894805908203	0.7527611255645752	3.357875347137451
7	42	0.001527469023130834	0.002780417911708355	2.275848150253296	0.783141016960144	3.0632972717285156
8	42	0.0017857039347290993	0.0027766586281359196	0.40448734164237976	0.5903412103652954	0.9993909001350403
9	42	0.0016051450511440635	0.0028447227086871862	-0.8637897372245789	0.6500884294509888	-0.20925146341323853
10	42	0.0016247560270130634	0.0030299737118184566	-1.5009275674819946	0.7961788177490234	-0.7000939846038818
11	42	0.0017368394182994962	0.0031409231014549732	-0.5937591791152954	0.7371344566345215	0.14825302362442017
12	42	0.001552343019284308	0.0025708810426294804	0.26366880536079407	0.6557349562644958	0.9235270023345947
13	42	0.0014941883273422718	0.003024542238563299	2.54642653465271	1.0806804895401	3.6316256523132324
14	42	0.0014852943131700158	0.0027537448331713676	2.6322948932647705	1.552251935005188	4.188786029815674
15	42	0.0016007693484425545	0.002896430902183056	1.671133041381836	0.5851455926895142	2.2607758045196533
0	43	0.001465506269596517	0.002956683048978448	0.9230421781539917	0.7907847166061401	1.7182490825653076
1	43	0.0013670225162059069	0.0028947582468390465	0.39468520879745483	0.9725424647331238	1.3714895248413086
2	43	0.057406235486269	0.004246761091053486	-0.23993802070617676	0.9175215363502502	0.7392364740371704
3	43	0.0014359101187437773	0.0030874740332365036	-0.02731986530125141	0.6976824998855591	0.6748859882354736
4	43	0.0012582920026034117	0.00267397309653461	1.93387770652771	0.8447463512420654	2.7825562953948975
5	43	0.0015392797067761421	0.0029705744236707687	1.2423171997070312	0.6043075323104858	1.8511345386505127
6	43	0.0016724900342524052	0.002846963470801711	-0.6035329699516296	0.543340265750885	-0.05567324161529541
7	43	0.0015772080514580011	0.0030474341474473476	-1.535861849784851	0.8968514204025269	-0.6343858242034912
8	43	0.0014224582118913531	0.002908427268266678	-1.0033185482025146	0.48364099860191345	-0.5153466463088989
9	43	0.0013523056404665112	0.0032264627516269684	1.5175483226776123	1.1717605590820312	2.693887710571289
10	43	0.0016188595909625292	0.0032273130491375923	1.9609006643295288	0.7570106983184814	2.722757577896118
11	43	0.0015960787422955036	0.0030868754256516695	1.4518762826919556	0.5753021836280823	2.0318613052368164
12	43	0.0014505606377497315	0.002521722810342908	0.6397038102149963	0.4734988808631897	1.1171749830245972
13	43	0.0016396275022998452	0.002615113742649555	-0.8964942693710327	0.6344190239906311	-0.2578204870223999
14	43	0.0015167453093454242	0.00300575140863657	-0.9670455455780029	0.8119198083877563	-0.15060323476791382
15	43	0.001567115425132215	0.0029354055877774954	-0.9452219009399414	0.4143242835998535	-0.5263950824737549
0	44	0.0013828749069944024	0.0027358816005289555	-0.2047516107559204	0.4402405023574829	0.23960764706134796
1	44	0.0013125420082360506	0.002957139629870653	0.10270141810178757	0.4294526278972626	0.5364237427711487
2	44	0.0012739113299176097	0.002870708703994751	1.0972555875778198	0.5852571725845337	1.686657428741455
3	44	0.0012799034593626857	0.002819986082613468	2.268183469772339	0.7281226515769958	3.00040602684021
4	44	0.0012029812205582857	0.0029515977948904037	2.464373826980591	0.67265385389328	3.1411824226379395
5	44	0.0013456168817356229	0.0031477482989430428	-0.18532419204711914	1.1038697957992554	0.9230389595031738
6	44	0.0012200296623632312	0.0029560839757323265	0.26616233587265015	0.7390940189361572	1.0094324350357056
7	44	0.05362875759601593	0.003972426988184452	-0.9925472140312195	0.8826717734336853	-0.05227428674697876
8	44	0.0013108993880450726	0.0026081607211381197	-1.671403169631958	0.4681396484375	-1.199344515800476
9	44	0.0011497269151732326	0.003024501958861947	-0.6538711786270142	0.4488915205001831	-0.2008054256439209
10	44	0.0011890941532328725	0.0031517883762717247	0.5271993279457092	0.4978962540626526	1.029436469078064
11	44	0.001327281934209168	0.0027485720347613096	-0.05537908524274826	0.7940657734870911	0.742762565612793
12	44	0.0012696466874331236	0.0029857084155082703	1.0271507501602173	0.521511971950531	1.5529181957244873
13	44	0.0013144183903932571	0.002898245817050338	0.40971073508262634	0.6202171444892883	1.0341405868530273
14	44	0.001765308203175664	0.0028406246565282345	-1.3870803117752075	0.4230985939502716	-0.9593758583068848
15	44	0.0014112928183749318	0.002916016848757863	-1.968162178993225	0.5232102870941162	-1.4406245946884155
0	45	0.0012931277742609382	0.0026861284859478474	-1.643843650817871	0.7402229905128479	-0.8996414542198181
1	45	0.0012269237777218223	0.0027313483878970146	-0.13860464096069336	0.5021262168884277	0.3674798607826233
2	45	0.001231384463608265	0.002892974531278014	1.2070741653442383	0.7019975185394287	1.913196086883545
3	45	0.0012622957583516836	0.0032788938842713833	2.318476915359497	0.5761128067970276	2.8991308212280273
4	45	0.001188896014355123	0.0027964613400399685	-0.37142646312713623	0.5818078517913818	0.21436673402786255
5	45	0.0012091626413166523	0.003125408198684454	-1.050932765007019	0.4328732192516327	-0.613724946975708
6	45	0.0012588382232934237	0.0030754166655242443	-1.2283384799957275	0.4759668707847595	-0.7480373978614807
7	45	0.0012319381348788738	0.0034263618290424347	0.4855984151363373	0.6910340785980225	1.181290864944458
8	45	0.0011018374934792519	0.004164377227425575	1.0293738842010498	0.8281517624855042	1.8627917766571045
9	45	0.0012622312642633915	0.004421778954565525	2.836935043334961	0.9842380881309509	3.826857089996338
10	45	0.001343259122222662	0.006975038908421993	3.9166934490203857	1.2418951988220215	5.166906833648682
11	45	0.001534328330308199	0.00935387797653675	2.1012942790985107	1.067211627960205	3.179394006729126
12	45	0.001857560477219522	0.012826353311538696	0.1948995590209961	1.1984951496124268	1.408078670501709
13	45	0.045063916593790054	0.016895275563001633	-0.8657779097557068	0.5305224061012268	-0.2732962965965271
14	45	0.003462409833446145	0.014791274443268776	-1.2459537982940674	0.581581175327301	-0.6461189389228821
15	45	0.004932089243084192	0.014179001562297344	-1.4497544765472412	0.5502497553825378	-0.8803936839103699
0	46	0.005671034101396799	0.01160380057990551	-1.1296125650405884	0.841806173324585	-0.2705315351486206
1	46	0.005464005749672651	0.009125007316470146	-0.9728313088417053	0.7319197058677673	-0.22632259130477905
2	46	0.007875967770814896	0.007273432798683643	-0.6603069305419922	1.105363368988037	0.4602058529853821
3	46	0.04729457572102547	0.008948074653744698	-0.6422330141067505	1.0694509744644165	0.48346060514450073
4	46	0.01017711404711008	0.007701297290623188	-0.6825363636016846	0.7877874970436096	0.12312954664230347
5	46	0.011064435355365276	0.009205592796206474	-0.5481195449829102	0.6631065011024475	0.13525700569152832
6	46	0.011765857227146626	0.008819730952382088	-0.4773520529270172	0.45558860898017883	-0.0011778473854064941
7	46	0.009201978333294392	0.009606636129319668	-0.5775409936904907	0.5418961644172668	-0.016836225986480713
8	46	0.007809085305780172	0.009038210846483707	-1.1270114183425903	0.4326898455619812	-0.677474319934845
9	46	0.007344340905547142	0.009204876609146595	-1.2430635690689087	0.694675087928772	-0.5318392515182495
10	46	0.007221240550279617	0.010218916460871696	-1.687654733657837	0.5945802330970764	-1.075634241104126
11	46	0.007107994053512812	0.008924945257604122	-1.6862239837646484	0.9729526042938232	-0.6972384452819824
12	46	0.004698720760643482	0.008638475090265274	-1.698117733001709	0.6292968392372131	-1.0554835796356201
13	46	0.0048703341744840145	0.008370619267225266	-1.0481932163238525	0.7003435492515564	-0.3346087336540222
14	46	0.0053001102060079575	0.0088800098747015	-0.15613271296024323	0.8687441349029541	0.7267915606498718
15	46	0.006262487731873989	0.00807972066104412	0.6835599541664124	0.9723659157752991	1.6702680587768555
0	47	0.0051283566281199455	0.007739656139165163	1.4476759433746338	1.1903482675552368	2.6508922576904297
1	47	0.004339923616498709	0.006536155939102173	1.7903908491134644	0.7111113667488098	2.512378215789795
2	47	0.004036844242364168	0.00648734625428915	1.686116099357605	0.8750535845756531	2.5716938972473145
3	47	0.003940992057323456	0.006352282594889402	0.9806204438209534	1.1954184770584106	2.1863322257995605
4	47	0.047155994921922684	0.007889793254435062	0.27333399653434753	0.5691909193992615	0.8975707292556763
5	47	0.003346859011799097	0.007807553745806217	-0.49462181329727173	0.44112351536750793	-0.04234388470649719
6	47	0.0037906819488853216	0.008098741993308067	-0.8358113169670105	0.8539620637893677	0.03004014492034912
7	47	0.005400311201810837	0.008987396955490112	-1.1797893047332764	0.5228893756866455	-0.6425122022628784
8	47	0.003236554330214858	0.009997757151722908	-1.416814923286438	0.8922711610794067	-0.5113095045089722
9	47	0.003594913985580206	0.0090730469673872	-1.5328601598739624	0.7217106819152832	-0.7984814643859863
10	47	0.002086530439555645	0.007813449949026108	-1.8502591848373413	0.7086588740348816	-1.1317002773284912
11	47	0.0023668119683861732	0.007243431638926268	-1.8808815479278564	0.6972143650054932	-1.174056887626648
12	47	0.0030179277528077364	0.006743611767888069	-2.0906195640563965	0.5449766516685486	-1.5358812808990479
13	47	0.002904245862737298	0.006933371536433697	-2.157892942428589	0.8512516617774963	-1.2968037128448486
14	47	0.003931791055947542	0.006518729496747255	-2.1723649501800537	1.0004042387008667	-1.1615101099014282
15	47	0.0028155057225376368	0.0066676996648311615	-2.0685617923736572	1.3645870685577393	-0.6944916248321533
0	48	0.007359902840107679	0.009126112796366215	-2.3450417518615723	0.7847391963005066	-1.5438165664672852
1	48	0.047255512326955795	0.00985695980489254	-1.753932237625122	1.2310266494750977	-0.4657931327819824
2	48	0.012301336973905563	0.009546703658998013	-1.3574289083480835	1.3003878593444824	-0.03519296646118164
3	48	0.013257778249680996	0.009888028725981712	-0.6633558869361877	0.7671376466751099	0.12692755460739136
4	48	0.016154306009411812	0.008106621913611889	-0.08660572022199631	0.6815406680107117	0.6191958785057068
5	48	0.01114810910075903	0.00757226999849081	0.32305338978767395	0.8839901685714722	1.2257639169692993
6	48	0.011546440422534943	0.007188625633716583	0.5712241530418396	1.3991421461105347	1.9891014099121094
7	48	0.009473235346376896	0.0055472757667303085	0.6972317099571228	0.778946042060852	1.4911983013153076
8	48	0.015396895818412304	0.006913615390658379	0.5715291500091553	1.3225005865097046	1.9163402318954468
9	48	0.008899850770831108	0.0069900862872600555	0.6391973495483398	0.6611523032188416	1.316239595413208
10	48	0.006823395844548941	0.006642690859735012	0.5916982293128967	1.1086734533309937	1.713837742805481
11	48	0.0041221678256988525	0.00765959732234478	0.6438521146774292	0.944757342338562	1.600391149520874
12	48	0.0038104108534753323	0.006671377923339605	0.6991549730300903	1.2534863948822021	1.963123083114624
13	48	0.006872236263006926	0.006287471391260624	0.5314628481864929	0.7620154023170471	1.3066380023956299
14	48	0.004290236625820398	0.006020832806825638	0.3416077196598053	0.9727036356925964	1.324622392654419
15	48	0.0040777456015348434	0.006372523494064808	0.22485749423503876	0.9545647501945496	1.1898725032806396
0	49	0.0031242745462805033	0.005265573970973492	0.041494373232126236	1.3409489393234253	1.3908331394195557
1	49	0.002466108649969101	0.004505785182118416	-0.34576988220214844	0.6054007411003113	0.2666027545928955
2	49	0.002322206972166896	0.004441048949956894	-0.5027918219566345	1.0141795873641968	0.518151044845581
3	49	0.002069366630166769	0.003977740183472633	-1.0693414211273193	0.9557910561561584	-0.10750323534011841
4	49	0.001945839961990714	0.004364647902548313	-1.3145629167556763	0.812816321849823	-0.4954361319541931
5	49	0.0013510807184502482	0.003931982442736626	-1.3154841661453247	0.570886492729187	-0.7393145561218262
6	49	0.06516742706298828	0.004618753679096699	-0.893720269203186	0.9187003374099731	0.09476625919342041
7	49	0.0011358496267348528	0.00436997227370739	-0.7940722107887268	0.7688535451889038	-0.019712865352630615
8	49	0.0009928494691848755	0.0044301217421889305	-0.4915359914302826	0.8270395994186401	0.3409265875816345
9	49	0.0008405309054069221	0.0035856482572853565	-0.8217846155166626	0.7553634643554688	-0.061994969844818115
10	49	0.0008989250054582953	0.003607990685850382	-0.3441494107246399	0.5193018913269043	0.1796593964099884
11	49	0.0008747211541049182	0.003945611417293549	-0.38526585698127747	0.7299626469612122	0.3495171368122101
12	49	0.0008772477740421891	0.00420417170971632	-0.9835020899772644	1.2698432207107544	0.2914225459098816
13	49	0.0009873313829302788	0.004433713853359222	-0.853309690952301	0.8143747448921204	-0.03351390361785889
14	49	0.001156843383796513	0.004978286102414131	-0.7304346561431885	0.8601823449134827	0.13588279485702515
15	49	0.0012237888295203447	0.004730972461402416	-1.3260902166366577	0.6202796101570129	-0.6998558640480042
0	50	0.0010939124040305614	0.004573882557451725	-0.8362085819244385	0.9778510928153992	0.1473103165626526
1	50	0.001060589449480176	0.004720107652246952	-1.8556772470474243	0.6154252290725708	-1.234471321105957
2	50	0.0011727544479072094	0.004383277613669634	-1.2658809423446655	0.6445542573928833	-0.615770697593689
3	50	0.0013563529355451465	0.004869050346314907	-1.8104287385940552	0.634719967842102	-1.1694834232330322
4	50	0.0009404284064657986	0.0045294975861907005	-2.615128993988037	0.6797645688056946	-1.9298944473266602
5	50	0.0009064060286618769	0.005047443322837353	-2.747417449951172	0.6332969665527344	-2.1081666946411133
6	50	0.0009361293632537127	0.005474675912410021	-2.610653877258301	1.3666595220565796	-1.2375835180282593
7	50	0.0012380292173475027	0.006052124314010143	-3.040545701980591	1.5859030485153198	-1.4473525285720825
8	50	0.04117685556411743	0.007428692653775215	-3.648098945617676	1.1113215684890747	-2.4881720542907715
9	50	0.0016715691890567541	0.006007211282849312	-3.3984246253967285	0.7727383971214294	-2.6180074214935303
10	50	0.003406309522688389	0.005950187332928181	-2.3100123405456543	0.9345086216926575	-1.3661472797393799
11	50	0.004378523677587509	0.006014882121235132	-0.9630116820335388	1.3049122095108032	0.3522939085960388
12	50	0.0037766890600323677	0.0058748782612383366	0.29766008257865906	0.7459427714347839	1.0532543659210205
13	50	0.006821293383836746	0.007299152202904224	1.3201606273651123	1.1861406564712524	2.5204217433929443
14	50	0.007062331773340702	0.006334753707051277	1.8103500604629517	0.7555840611457825	2.579331159591675
15	50	0.008948147296905518	0.0067847855389118195	1.8925832509994507	0.8289403319358826	2.7372565269470215
0	51	0.007779612671583891	0.005816917400807142	1.8784281015396118	1.1884814500808716	3.0805060863494873
1	51	0.010445813648402691	0.005339879542589188	1.9546269178390503	0.9879563450813293	2.958369016647339
2	51	0.011833217926323414	0.00556857418268919	1.856200098991394	0.8848297595977783	2.7584316730499268
3	51	0.008270543068647385	0.005359809845685959	1.5894174575805664	0.8768200278282166	2.479867935180664
4	51	0.010932227596640587	0.006045036017894745	1.359911561012268	0.8653427958488464	2.242231607437134
5	51	0.008129418827593327	0.005512234754860401	1.0274921655654907	0.8952254056930542	1.936359167098999
6	51	0.007271400652825832	0.005136172752827406	0.7933076024055481	0.7790223956108093	1.5847375392913818
7	51	0.03699096292257309	0.006385630462318659	0.5377707481384277	1.1095266342163086	1.6906739473342896
8	51	0.00873718410730362	0.00482161995023489	0.3878825306892395	1.7977603673934937	2.1992015838623047
9	51	0.006118076387792826	0.004257144406437874	0.16618789732456207	0.810819149017334	0.9873822927474976
10	51	0.005055650137364864	0.004842848517000675	0.045130953192710876	1.3370548486709595	1.3920843601226807
11	51	0.0054434724152088165	0.004445431753993034	0.031776901334524155	0.9473234415054321	0.9889892339706421
12	51	0.004483155906200409	0.004210907034575939	0.09639348834753036	1.129400610923767	1.2344881296157837
13	51	0.003796072443947196	0.003992275334894657	0.2797812521457672	0.685979962348938	0.9735496044158936
14	51	0.004569259472191334	0.00427201995626092	0.3053629696369171	1.3513790369033813	1.6655832529067993
15	51	0.0034438299480825663	0.00363944168202579	0.30275624990463257	0.947174608707428	1.2570141553878784
0	52	0.0034765610471367836	0.0039913165383040905	0.2958378791809082	0.797601580619812	1.100907325744629
1	52	0.0027318657375872135	0.003660008776932955	0.2537795305252075	2.0636768341064453	2.323848247528076
2	52	0.0027426001615822315	0.004013467114418745	0.16482855379581451	1.3407282829284668	1.512312889099121
3	52	0.002848251722753048	0.00365184573456645	0.15661512315273285	0.5998186469078064	0.7629338502883911
4	52	0.0022754750680178404	0.0035542119294404984	0.1023373231291771	0.8897279500961304	0.9978949427604675
5	52	0.0019074747106060386	0.0033691278658807278	0.06755673885345459	0.9265270233154297	0.9993603825569153
6	52	0.0021143946796655655	0.003831363981589675	0.0528232604265213	1.2156034708023071	1.2743724584579468
7	52	0.002046863315626979	0.0038488414138555527	0.05817476287484169	0.6784939169883728	0.7425643801689148
8	52	0.0017056796932592988	0.003397321794182062	0.043554335832595825	0.9283676743507385	0.977025032043457
9	52	0.0014854517066851258	0.003137919120490551	0.05794849619269371	1.1260758638381958	1.188647747039795
10	52	0.05418795719742775	0.004279477056115866	0.13316093385219574	1.0149942636489868	1.20662260055542
11	52	0.001794673502445221	0.003425867762416601	0.22805818915367126	0.6562601923942566	0.8895389437675476
12	52	0.0014440298546105623	0.003270632354542613	0.3059505522251129	0.8917385935783386	1.2024037837982178
13	52	0.0013080340577289462	0.0031692897900938988	0.3995691239833832	1.0979773998260498	1.5020238161087036
14	52	0.0014485992724075913	0.003551413770765066	0.5434435606002808	1.0381863117218018	1.586629867553711
15	52	0.001578819123096764	0.003054841887205839	0.6393219232559204	0.8790774941444397	1.5230331420898438
0	53	0.0014010430313646793	0.003319923300296068	0.7173461318016052	0.8046911954879761	1.5267583131790161
1	53	0.0013745962642133236	0.0032620630227029324	0.6476852297782898	0.7591989636421204	1.4115208387374878
2	53	0.0013099389616400003	0.003205535002052784	0.4864676296710968	1.288400650024414	1.7793837785720825
3	53	0.0011138991685584188	0.0028993673622608185	0.38910746574401855	0.9266157746315002	1.3197364807128906
4	53	0.0012986648362129927	0.0031325866002589464	0.32184311747550964	0.9739890694618225	1.3002634048461914
5	53	0.04180008918046951	0.004028102848678827	0.23076190054416656	1.125402808189392	1.401992917060852
6	53	0.0012042864691466093	0.0029332339763641357	0.12105176597833633	1.2244294881820679	1.3496187925338745
7	53	0.0010773108806461096	0.0033222930505871773	0.04536624625325203	0.9082460999488831	0.9580119252204895
8	53	0.001268156454898417	0.003228571731597185	-0.06662845611572266	1.483022928237915	1.4208911657333374
9	53	0.0014312287094071507	0.0027666129171848297	-0.1593008190393448	0.6517226696014404	0.49661970138549805
10	53	0.0011267246445640922	0.003038182854652405	-0.02192831039428711	0.8869131803512573	0.8691498041152954
11	53	0.001260694582015276	0.0030700836796313524	0.07261380553245544	0.6806922554969788	0.7576368451118469
12	53	0.0011250574607402086	0.0028315959498286247	-0.05253373086452484	0.7935976386070251	0.7450205683708191
13	53	0.0011115455999970436	0.00317292008548975	-0.2213820070028305	0.9514169692993164	0.7343194484710693
14	53	0.001064726267941296	0.0027494877576828003	-0.03186694532632828	1.2058066129684448	1.1777539253234863
15	53	0.0011991603532806039	0.002759398426860571	0.6369189023971558	1.0860540866851807	1.7269315719604492
0	54	0.0010353602701798081	0.002752901054918766	0.8521595597267151	1.0066633224487305	1.8626110553741455
1	54	0.0012839266564697027	0.0030459475237876177	0.49963653087615967	0.7551981210708618	1.259164571762085
2	54	0.0011917994124814868	0.00279324222356081	-0.16777125000953674	1.3283759355545044	1.164589762687683
3	54	0.0011744130169972777	0.002909138798713684	-0.878505527973175	0.9901822805404663	0.11576032638549805
4	54	0.0009990704711526632	0.00270661199465394	-1.1220394372940063	0.6295835971832275	-0.4887501001358032
5	54	0.0010865313233807683	0.003003808669745922	-1.2473207712173462	0.8591212034225464	-0.3841092586517334
6	54	0.03742784261703491	0.004639683291316032	-1.261151909828186	0.8410306572914124	-0.3780537247657776
7	54	0.0010810352396219969	0.0026276507414877415	-1.1006730794906616	1.155119776725769	0.05815541744232178
8	54	0.0010399576276540756	0.002816783729940653	-0.6843183040618896	0.9492948651313782	0.2688332796096802
9	54	0.0008794168243184686	0.0026406878605484962	-0.11692334711551666	0.7939918637275696	0.6805886030197144
10	54	0.0009487260249443352	0.0026058440562337637	0.7126697897911072	0.9271617531776428	1.6433861255645752
11	54	0.0009548255475237966	0.002334956079721451	0.8488174080848694	1.419244408607483	2.2713515758514404
12	54	0.0008928109891712666	0.0027541036251932383	0.7731520533561707	0.5771898627281189	1.3539888858795166
13	54	0.0009388423641212285	0.0023785564117133617	0.16661041975021362	1.4858425855636597	1.6557704210281372
14	54	0.0010942465160042048	0.002840362722054124	-0.241062730550766	1.0140788555145264	0.7769507169723511
15	54	0.0008721197373233736	0.0025691024493426085	-0.12810118496418	0.7334524393081665	0.6087924838066101
0	55	0.0008829692378640175	0.0027684802189469337	-0.06918288767337799	0.9125471711158752	0.8470157384872437
1	55	0.0008257859735749662	0.0025757483672350645	0.3758408725261688	1.0870816707611084	1.4663240909576416
2	55	0.0009022770682349801	0.002679528435692191	0.6688529253005981	1.10373055934906	1.776165246963501
3	55	0.0009709045407362282	0.002579687861725688	0.17489561438560486	0.7292128801345825	0.9076590538024902
4	55	0.0008958514663390815	0.0026031630113720894	-0.5217517614364624	0.5218213796615601	0.0035686492919921875
5	55	0.0007181641994975507	0.002698958618566394	-1.3940197229385376	1.1479321718215942	-0.24267041683197021
6	55	0.0007816895376890898	0.0023825860116630793	-0.9696400761604309	1.0243741273880005	0.05789834260940552
7	55	0.0007840342004783452	0.002492472529411316	-0.5749027132987976	1.1315420866012573	0.5599159002304077
8	55	0.0007266546599566936	0.0024259830825030804	-0.36031574010849	0.7226347327232361	0.36547163128852844
9	55	0.0006995886797085404	0.0026322149205952883	0.14781640470027924	0.7579370737075806	0.9090852737426758
10	55	0.0008003392140381038	0.0025884020142257214	0.26646724343299866	0.7533882856369019	1.0232442617416382
11	55	0.0007819879683665931	0.00244344025850296	-0.13011251389980316	0.5898580551147461	0.4629709720611572
12	55	0.0006873221718706191	0.0029372377321124077	-1.24431312084198	0.9378646612167358	-0.30282390117645264
13	55	0.0006578329484909773	0.0028057252056896687	-1.2866934537887573	0.7109922170639038	-0.5722377300262451
14	55	0.03522776439785957	0.0033021019771695137	-1.7770471572875977	0.8597921133041382	-0.8787251710891724
15	55	0.0006473877001553774	0.0023601558059453964	-1.869701623916626	0.5462346076965332	-1.3204594850540161
0	56	0.0007737954729236662	0.0025683785788714886	-0.8541892170906067	0.9429692625999451	0.09212219715118408
1	56	0.0008072329219430685	0.0027478672564029694	-0.2835109233856201	0.7343520522117615	0.45439621806144714
2	56	0.0007416664157062769	0.0028603915125131607	0.6136587858200073	0.7885754704475403	1.4058363437652588
3	56	0.03255235403776169	0.0035346439108252525	0.4706546366214752	0.5868969559669495	1.0936386585235596
4	56	0.0006686464184895158	0.002789673861116171	0.8265277743339539	1.1056946516036987	1.9356807470321655
5	56	0.0009214975871145725	0.0030464103911072016	-0.41828370094299316	0.5077173709869385	0.09340158104896545
6	56	0.001021453645080328	0.003159955609589815	-1.4217737913131714	0.41381439566612244	-1.0037779808044434
7	56	0.0013414028799161315	0.003054474014788866	-2.4471640586853027	0.5959683656692505	-1.8467997312545776
8	56	0.001155607751570642	0.0032932779286056757	-2.895092248916626	0.5771340131759644	-2.313509464263916
9	56	0.0013017748715355992	0.003147908952087164	-2.6561946868896484	1.23062264919281	-1.421122431755066
10	56	0.0013152793981134892	0.003253576345741749	-2.2549238204956055	0.8384687304496765	-1.411886215209961
11	56	0.0011487335432320833	0.0032357429154217243	-1.7265100479125977	0.6505888104438782	-1.0715367794036865
12	56	0.0013005259679630399	0.004772329702973366	-0.811189591884613	0.49823471903800964	-0.30688199400901794
13	56	0.0016105619724839926	0.006298375315964222	-0.32774415612220764	0.8173081874847412	0.49747297167778015
14	56	0.0014656282728537917	0.010046401061117649	0.055508531630039215	0.9741682410240173	1.0411888360977173
15	56	0.0033546118065714836	0.0129792969673872	0.2284463346004486	1.4305193424224854	1.6752996444702148
0	57	0.003321232507005334	0.013659654185175896	0.28956180810928345	2.2193374633789062	2.5258800983428955
1	57	0.006080922205001116	0.01752551831305027	-0.25269171595573425	1.3490675687789917	1.1199822425842285
2	57	0.008541367016732693	0.01717551425099373	-0.2995662987232208	0.9725605845451355	0.6987111568450928
3	57	0.011021913960576057	0.015555376186966896	-0.13497841358184814	1.0636013746261597	0.9552002549171448
4	57	0.01498515997081995	0.01325555145740509	-0.28209173679351807	0.8587135076522827	0.6048624515533447
5	57	0.017616501078009605	0.013476947322487831	-0.26871904730796814	0.6293835043907166	0.39175790548324585
6	57	0.012609768658876419	0.01266106590628624	-0.19056159257888794	0.8556187748908997	0.6903280019760132
7	57	0.0154564268887043	0.012150170281529427	-0.14514756202697754	0.6991748213768005	0.5816338658332825
8	57	0.015562311746180058	0.01165580190718174	-0.12418146431446075	1.0161925554275513	0.9192292094230652
9	57	0.013126888312399387	0.009994097985327244	-0.11537675559520721	0.8420851826667786	0.7498294115066528
10	57	0.009417392313480377	0.008936390280723572	-0.22634965181350708	0.9037421941757202	0.6957463026046753
11	57	0.008437915705144405	0.008611165918409824	-0.18946987390518188	0.8558874130249023	0.6834666132926941
12	57	0.0396306999027729	0.008127741515636444	-0.3587515652179718	0.8184739351272583	0.507480800151825
13	57	0.005717117339372635	0.006789549253880978	-0.2330394685268402	0.8320261240005493	0.6114933490753174
14	57	0.004229063168168068	0.006538965739309788	-0.24800051748752594	0.8586176633834839	0.6213851571083069
15	57	0.0018757604993879795	0.006807361729443073	-0.48206576704978943	0.8489096760749817	0.375527024269104
0	58	0.0016637282678857446	0.007332302629947662	-0.37616854906082153	0.7047503590583801	0.33757784962654114
1	58	0.0013418089365586638	0.007970656268298626	-0.5766035318374634	1.4450914859771729	0.8778004050254822
2	58	0.001013252418488264	0.007026700768619776	-0.8348309397697449	0.7665783166885376	-0.060212671756744385
3	58	0.0009049539221450686	0.008563438430428505	-1.2651855945587158	0.6969236135482788	-0.5587935447692871
4	58	0.000753978849388659	0.007622628007084131	-1.317121982574463	0.8370382189750671	-0.47170716524124146
5	58	0.0008584255119785666	0.00901191309094429	-1.327453851699829	1.0459352731704712	-0.2716482877731323
6	58	0.0012809850741177797	0.01003212295472622	-2.511833429336548	1.170883059501648	-1.3296371698379517
7	58	0.0015571434050798416	0.011070853099226952	-2.4712588787078857	1.021419644355774	-1.4372111558914185
8	58	0.002202250063419342	0.010548533871769905	-2.90771222114563	1.6284688711166382	-1.266492486000061
9	58	0.0025234499480575323	0.010457225143909454	-2.4694316387176514	1.7458770275115967	-0.7105739116668701
10	58	0.004405028186738491	0.010192565619945526	-1.5681170225143433	0.5832507610321045	-0.970268726348877
11	58	0.011251785792410374	0.008161177858710289	-0.501262903213501	0.7371485829353333	0.2552986443042755
12	58	0.034258097410202026	0.009666018187999725	0.3435620069503784	1.0414626598358154	1.4289487600326538
13	58	0.00991338212043047	0.0070122238248586655	1.2891837358474731	0.9779854416847229	2.28409481048584
14	58	0.011971108615398407	0.006931017152965069	1.8232306241989136	0.850523829460144	2.6926565170288086
15	58	0.020834175869822502	0.008057640865445137	2.1580758094787598	0.8678922653198242	3.0548598766326904
0	59	0.026147350668907166	0.007955772802233696	2.173649787902832	1.3130298852920532	3.520782947540283
1	59	0.02702161855995655	0.0075477552600204945	2.193756341934204	1.0545638799667358	3.2828893661499023
2	59	0.016129961237311363	0.007322516292333603	2.1347463130950928	1.0875674486160278	3.2457661628723145
3	59	0.012501722201704979	0.007080073934048414	2.0847995281219482	0.9354292750358582	3.0398106575012207
4	59	0.009883394464850426	0.00676792673766613	1.9052982330322266	0.8465589880943298	2.7685084342956543
5	59	0.008788454346358776	0.006179329939186573	1.6889320611953735	0.8927606344223022	2.596660614013672
6	59	0.006820546928793192	0.005737705156207085	1.431451678276062	1.0374200344085693	2.4814300537109375
7	59	0.00713975727558136	0.005424282513558865	1.0976921319961548	0.6702104806900024	1.7804666757583618
8	59	0.0059994845651090145	0.005716843996196985	0.7244698405265808	1.2883490324020386	2.0245351791381836
9	59	0.004009581170976162	0.0051834480836987495	0.4612042009830475	1.0559237003326416	1.5263209342956543
10	59	0.0034707363229244947	0.004895915277302265	0.27818763256073	1.006837248802185	1.293391466140747
11	59	0.002435772679746151	0.004933680407702923	0.1479044407606125	0.937311053276062	1.0925849676132202
12	59	0.05971149727702141	0.005520098842680454	0.03285635635256767	1.1099820137023926	1.208069920539856
13	59	0.0018857063259929419	0.004628713242709637	0.12839709222316742	0.7639682292938232	0.8988797664642334
14	59	0.0022235731594264507	0.004416648298501968	0.13483799993991852	1.540021538734436	1.681499719619751
15	59	0.0016908568795770407	0.004367185290902853	-0.05756089463829994	0.9408754110336304	0.8893725872039795
0	60	0.0015932779060676694	0.004389808513224125	-0.20500385761260986	1.765062689781189	1.5660419464111328
1	60	0.0015953242545947433	0.004151895642280579	-0.31281524896621704	0.7620344161987305	0.45496639609336853
2	60	0.001203323365189135	0.003957455512136221	-0.3817155361175537	1.1108794212341309	0.7343246936798096
3	60	0.0010564778931438923	0.003950764425098896	-0.4048309922218323	1.1638884544372559	0.7640646696090698
4	60	0.0012857827823609114	0.004029718227684498	-0.32574450969696045	0.9096130728721619	0.589184045791626
5	60	0.0010714023374021053	0.003859568852931261	-0.2374480813741684	1.3604466915130615	1.1279295682907104
6	60	0.0008041259716264904	0.0034509040415287018	-0.19921568036079407	0.7036892175674438	0.508728563785553
7	60	0.0011018519289791584	0.0037154112942516804	-0.2116917371749878	1.0231842994689941	0.8163098096847534
8	60	0.0008509574690833688	0.003649583552032709	-0.23593363165855408	1.0170027017593384	0.7855696082115173
9	60	0.0008861378883011639	0.003443317022174597	-0.24024486541748047	1.1134036779403687	0.8774882555007935
10	60	0.0008724106010049582	0.003728523850440979	-0.2281632423400879	0.5095774531364441	0.2860151529312134
11	60	0.0007930988795123994	0.003244363237172365	-0.2932671308517456	0.8347152471542358	0.5454856157302856
12	60	0.0007787685608491302	0.003474436467513442	-0.32770445942878723	0.8255941271781921	0.5021429061889648
13	60	0.05681931972503662	0.00396310118958354	-0.36552125215530396	1.221567988395691	0.9168291687965393
14	60	0.0007617275696247816	0.003502846462652087	-0.21478570997714996	0.8635972142219543	0.6530760526657104
15	60	0.0008688842644914985	0.0034028314985334873	-0.08716228604316711	1.0091326236724854	0.9262420535087585
0	61	0.0007838599849492311	0.0033009788021445274	0.043108537793159485	0.9788092374801636	1.0260026454925537
1	61	0.0007360352319665253	0.0037125118542462587	0.136683851480484	0.7868824601173401	0.928014874458313
2	61	0.0007791831740178168	0.0032016215845942497	0.22953945398330688	1.0444872379302979	1.2780075073242188
3	61	0.000782399030867964	0.0031428239308297634	0.30744946002960205	0.776445746421814	1.0878204107284546
4	61	0.0008379939245060086	0.003515769960358739	0.424782931804657	1.1851674318313599	1.6143040657043457
5	61	0.0007515051402151585	0.0031716066878288984	0.541279137134552	0.9947263598442078	1.539928674697876
6	61	0.0007685854798182845	0.0033235778100788593	0.6518664360046387	0.8240217566490173	1.4799803495407104
7	61	0.0008000236703082919	0.003532898146659136	0.7144148349761963	0.9266332387924194	1.645380973815918
8	61	0.0009152851998806	0.0033698445186018944	0.7944527864456177	0.685308575630188	1.484046459197998
9	61	0.0007473303703591228	0.0029727136716246605	0.8113254904747009	1.0903620719909668	1.9054076671600342
10	61	0.0008807791164144874	0.003049605991691351	0.7578588128089905	0.9848282337188721	1.7466174364089966
11	61	0.0006888895877636969	0.0029836297035217285	0.7229588627815247	1.103513479232788	1.8301448822021484
12	61	0.0009497383143752813	0.002916870638728142	0.6762798428535461	1.363552451133728	2.043698787689209
13	61	0.04983214661478996	0.003870026208460331	0.5712615847587585	0.8922725319862366	1.5172362327575684
14	61	0.0008651645621284842	0.0027820044197142124	0.5688232779502869	1.5109609365463257	2.0834312438964844
15	61	0.000861942011397332	0.003252470400184393	0.47591182589530945	1.0047593116760254	1.484785556793213
0	62	0.0010013851569965482	0.002987433457747102	0.3976984918117523	0.8431535363197327	1.2448408603668213
1	62	0.0008829730795696378	0.003152906894683838	0.3060462474822998	0.9976733326911926	1.307755470275879
2	62	0.040015529841184616	0.0035123159177601337	0.15746845304965973	0.8631489872932434	1.0641453266143799
3	62	0.0008400834049098194	0.0026199694257229567	0.1336403638124466	0.9741990566253662	1.1112995147705078
4	62	0.0010803916957229376	0.0031376956030726433	0.07013029605150223	0.7400065064430237	0.8143548965454102
5	62	0.001160736777819693	0.0033749165013432503	0.02016819268465042	1.016094446182251	1.040798306465149
6	62	0.0009734340128488839	0.0030231105629354715	0.026152510195970535	0.9564753174781799	0.9866243600845337
7	62	0.0009729025769047439	0.0031021139584481716	0.0278578232973814	0.7568084001541138	0.7887412309646606
8	62	0.0012156692100688815	0.0033415802754461765	0.06298098713159561	1.1451857089996338	1.212723970413208
9	62	0.0012947042705491185	0.0028972174040973186	0.05799991637468338	1.0098477602005005	1.0720396041870117
10	62	0.0014729229733347893	0.00316532957367599	0.09995153546333313	1.4364649057388306	1.5410547256469727
11	62	0.0011821421794593334	0.002859570551663637	0.1493406593799591	1.3950223922729492	1.5484048128128052
12	62	0.0015791129553690553	0.003163608955219388	0.325303852558136	0.90842205286026	1.2384686470031738
13	62	0.0014790737768635154	0.0028347019106149673	0.48856619000434875	1.1316553354263306	1.624535322189331
14	62	0.001548304338939488	0.00305989314801991	0.5639004707336426	0.9363715052604675	1.5048801898956299
15	62	0.0014778426848351955	0.002893433440476656	0.6284082531929016	1.049128532409668	1.681908130645752
0	63	0.021873071789741516	0.0033656537998467684	0.5812657475471497	0.8942057490348816	1.5007102489471436
1	63	0.0013458915054798126	0.0028840298764407635	0.6296625137329102	1.0526232719421387	1.6865156888961792
2	63	0.001402655616402626	0.0027298652566969395	0.6703651547431946	1.0644062757492065	1.7389039993286133
3	63	0.0012923649046570063	0.0026682731695473194	0.7084643244743347	0.8437087535858154	1.55613374710083
4	63	0.0015934758121147752	0.003027490805834532	0.7369387745857239	1.1268271207809448	1.8683868646621704
5	63	0.0014693409902974963	0.0026014395989477634	0.7123904824256897	1.0295863151550293	1.7460474967956543
6	63	0.0016800189623609185	0.002667929045855999	0.6684229373931885	1.4079082012176514	2.080678939819336
7	63	0.001516045187599957	0.0028230929747223854	0.5841010808944702	1.5237699747085571	2.112210273742676
8	63	0.0014826905680820346	0.002973313443362713	0.4640931487083435	1.3003009557724	1.7688500881195068
9	63	0.0014413478784263134	0.0026794769801199436	0.446170449256897	1.0442028045654297	1.494494080543518
10	63	0.0013913551811128855	0.002777766203507781	0.47139739990234375	0.6912149786949158	1.1667814254760742
11	63	0.0014476386131718755	0.002830201294273138	0.43966272473335266	0.658968448638916	1.102908968925476
12	63	0.0011345881503075361	0.0026215347461402416	0.36658942699432373	0.7613343000411987	1.131679892539978
13	63	0.0011391264852136374	0.002548736520111561	0.24665643274784088	0.877295970916748	1.1276402473449707
14	63	0.0010540109360590577	0.0029208986088633537	0.1685020625591278	0.9154477119445801	1.0879247188568115
15	63	0.0011510734912008047	0.0027682879008352757	0.08540187031030655	0.8621494770050049	0.9514707326889038
0	64	0.000959034136030823	0.002890412462875247	0.04476524889469147	0.8657286167144775	0.9143432974815369
1	64	0.0009388475446030498	0.002610880183055997	-0.027759209275245667	0.8873968124389648	0.863187313079834
2	64	0.0009044902981258929	0.0025644926354289055	-0.039093174040317535	1.474784255027771	1.4391601085662842
3	64	0.0007961872033774853	0.002522360533475876	0.012222571298480034	1.0990139245986938	1.11455500125885
4	64	0.0008734803413972259	0.002671704161912203	0.12804538011550903	0.7429758906364441	0.8745664358139038
5	64	0.03413642570376396	0.003276017028838396	0.15915322303771973	0.7079865336418152	0.9045522212982178
6	64	0.0008028632146306336	0.0028404216282069683	0.21777211129665375	1.1606411933898926	1.3820565938949585
7	64	0.0008842090610414743	0.0028849297668784857	0.24473662674427032	0.9500279426574707	1.1985337734222412
8	64	0.0008477306109853089	0.0025435076095163822	0.24837221205234528	0.7233339548110962	0.9750974178314209
9	64	0.0009283444960601628	0.0026536607183516026	0.25657713413238525	0.7589487433433533	1.0191078186035156
10	64	0.0009594938601367176	0.002611819887533784	0.2254345566034317	0.8445730805397034	1.073578953742981
11	64	0.0007766701164655387	0.002591158263385296	0.21505391597747803	0.7938240170478821	1.012245774269104
12	64	0.0009556793957017362	0.002741957316175103	0.16150034964084625	1.6735483407974243	1.8387463092803955
13	64	0.0009583152132108808	0.0027154269628226757	0.17348431050777435	1.324536919593811	1.501694917678833
14	64	0.000882057414855808	0.0025950476992875338	0.14650140702724457	0.9426069259643555	1.0925854444503784
15	64	0.0008781457436271012	0.0025677094236016273	0.15018349885940552	1.0765013694763184	1.230130672454834
0	65	0.0008499301038682461	0.002695918083190918	0.18721991777420044	1.2678710222244263	1.45863676071167
1	65	0.0009317881194874644	0.0026081742253154516	0.1838541328907013	1.7951889038085938	1.9825830459594727
2	65	0.0007610899046994746	0.002727898769080639	0.06930620968341827	0.7327333688735962	0.8055285811424255
3	65	0.000766427896451205	0.002539347857236862	-0.07667011767625809	1.0342106819152832	0.9608463644981384
4	65	0.000817328633274883	0.002574233803898096	-0.12227332592010498	1.1757811307907104	1.0568993091583252
5	65	0.03363323211669922	0.004845390096306801	-0.15651935338974	1.006433129310608	0.8883923888206482
6	65	0.0008644426707178354	0.002592674922198057	0.024271667003631592	0.5943708419799805	0.6220996379852295
7	65	0.0008184862672351301	0.0024079361464828253	0.10368195176124573	0.9604541659355164	1.0673625469207764
8	65	0.000828977907076478	0.0026781652122735977	0.19214175641536713	0.9389069676399231	1.1345558166503906
9	65	0.0008618821739219129	0.0026206504553556442	0.2585693299770355	1.172223448753357	1.4342752695083618
10	65	0.0009795167716220021	0.002545091323554516	0.3926588296890259	0.8540042042732239	1.250187635421753
11	65	0.0008345275418832898	0.0027020927518606186	0.4858788251876831	0.9243305921554565	1.4137459993362427
12	65	0.0009046648629009724	0.0025183050893247128	0.5655879974365234	0.9905364513397217	1.5595474243164062
13	65	0.0008901740075089037	0.002646587323397398	0.6312962770462036	0.8282148241996765	1.4630478620529175
14	65	0.0009218950290232897	0.0027687493711709976	0.6912816762924194	0.994160532951355	1.6891329288482666
15	65	0.0007322801975533366	0.0025171800516545773	0.6969989538192749	0.7724226713180542	1.4726710319519043
0	66	0.0009800575207918882	0.0024084672331809998	0.6417092680931091	1.0162333250045776	1.6613311767578125
1	66	0.0007952984888106585	0.0024264350067824125	0.643622636795044	0.9244160652160645	1.5712604522705078
2	66	0.0009313237969763577	0.0022335858084261417	0.6631173491477966	1.0213621854782104	1.6876444816589355
3	66	0.0007539396756328642	0.0026713621336966753	0.7139587998390198	1.0633388757705688	1.780722975730896
4	66	0.0009014449897222221	0.002232707105576992	0.8326632976531982	0.9685475826263428	1.8043450117111206
5	66	0.0007846508524380624	0.002320636063814163	0.881917417049408	0.9525315165519714	1.8375542163848877
6	66	0.02587442472577095	0.0030665481463074684	0.8028417229652405	0.9260936379432678	1.7578763961791992
7	66	0.0007980294758453965	0.002218271140009165	0.8311877250671387	0.7813799977302551	1.6155840158462524
8	66	0.000811200647149235	0.0024518207646906376	0.7668681144714355	1.2725037336349487	2.042634963989258
9	66	0.0009203672525472939	0.002544499235227704	0.6082218885421753	0.733281135559082	1.3449678421020508
10	66	0.0007934080786071718	0.002379393670707941	0.45092806220054626	1.1915901899337769	1.6456910371780396
11	66	0.0009637096081860363	0.002456002403050661	0.3244556486606598	1.0657832622528076	1.3936586380004883
12	66	0.0008487504092045128	0.0023307879455387592	0.21602684259414673	0.627337634563446	0.8465440273284912
13	66	0.0008800119976513088	0.002505960874259472	0.1447456032037735	0.6815358996391296	0.8296674489974976
14	66	0.0006807797471992671	0.0026278910227119923	0.025260189548134804	1.4442132711410522	1.4727821350097656
15	66	0.000986811239272356	0.002118881093338132	-0.13968545198440552	1.3515386581420898	1.214958906173706
0	67	0.0008491039043292403	0.0022921047639101744	-0.08405790477991104	1.1716750860214233	1.0907584428787231
1	67	0.0007443393114954233	0.002134353155270219	0.04019084572792053	1.2855994701385498	1.3286689519882202
2	67	0.028842778876423836	0.0036452030763030052	0.024137983098626137	0.9565351605415344	1.0131611824035645
3	67	0.0008435040945187211	0.00237138825468719	0.1435062140226364	1.0152642726898193	1.1619853973388672
4	67	0.0008682036423124373	0.0021031310316175222	0.1889631748199463	0.9438761472702026	1.1358106136322021
5	67	0.0008084492292255163	0.0022152303718030453	0.21821224689483643	0.7647444009780884	0.9859803318977356
6	67	0.0010115194600075483	0.0023693284019827843	0.141121044754982	0.9114305973052979	1.0559325218200684
7	67	0.0007701022550463676	0.0023539948742836714	0.0938863456249237	1.1084542274475098	1.2054647207260132
8	67	0.0012567342491820455	0.002409469336271286	0.10706091672182083	1.0781664848327637	1.1888935565948486
9	67	0.0008639287552796304	0.002292460296303034	0.24883586168289185	1.0756936073303223	1.327685832977295
10	67	0.0008780693169683218	0.002328934846445918	0.44364404678344727	1.0665271282196045	1.5133781433105469
11	67	0.0008344784146174788	0.002271106466650963	0.575883686542511	0.7551379203796387	1.3341271877288818
12	67	0.0012622448848560452	0.002145275240764022	0.621314287185669	0.8149087429046631	1.4396305084228516
13	67	0.0013091841246932745	0.0023763771168887615	0.6656583547592163	1.0134552717208862	1.6827991008758545
14	67	0.0006629512645304203	0.0023070471361279488	0.5946648120880127	0.7292433381080627	1.3268780708312988
15	67	0.0007309243665076792	0.0022940284106880426	0.4642392694950104	1.255916714668274	1.7231810092926025
0	68	0.0008055523503571749	0.0021792349871248007	0.3690757155418396	0.8959650993347168	1.2680256366729736
1	68	0.0006740369135513902	0.0023110671900212765	0.13969390094280243	0.8597608804702759	1.0024398565292358
2	68	0.0006637980695813894	0.0022650694008916616	-0.06307968497276306	1.1789138317108154	1.1187629699707031
3	68	0.0006463548052124679	0.002401871606707573	-0.10433844476938248	1.2381465435028076	1.1368563175201416
4	68	0.0007677622488699853	0.00216367794200778	-0.04335774481296539	0.6100008487701416	0.5695745348930359
5	68	0.0005813334137201309	0.002261631889268756	-0.07852832227945328	0.809751033782959	0.7340656518936157
6	68	0.026768220588564873	0.0035551711916923523	-0.1844947338104248	1.4250308275222778	1.2708594799041748
7	68	0.0006781754200346768	0.0023195596877485514	-0.28644657135009766	1.3332483768463135	1.0497995615005493
8	68	0.0005523814470507205	0.0021826541051268578	-0.43142828345298767	0.7597697973251343	0.33107656240463257
9	68	0.0005300507182255387	0.002218392677605152	-0.6093935966491699	0.6090859174728394	0.0024407505989074707
10	68	0.0007952603627927601	0.0020513429772108793	-0.7356804013252258	1.0744215250015259	0.34158772230148315
11	68	0.0007941147196106613	0.0024828179739415646	-0.8189799785614014	1.1747605800628662	0.35905754566192627
12	68	0.0005935993394814432	0.0020786081440746784	-0.5626023411750793	0.7285000085830688	0.16856986284255981
13	68	0.0006679489742964506	0.002235363470390439	-0.20401474833488464	0.7925045490264893	0.5913931131362915
14	68	0.0006338044186122715	0.0022720987908542156	0.13084350526332855	1.2416152954101562	1.3753646612167358
15	68	0.0005542628350667655	0.001927597215399146	0.5595303773880005	1.1031349897384644	1.665147304534912
0	69	0.0006486634374596179	0.002463047858327627	1.0342665910720825	1.036875605583191	2.074254035949707
1	69	0.0007202206761576235	0.0020893695764243603	1.3740906715393066	0.7408360242843628	2.117736339569092
2	69	0.0005337017355486751	0.002572607481852174	1.6338534355163574	0.8698416948318481	2.5068016052246094
3	69	0.0005829093279317021	0.0019597476348280907	1.576459527015686	0.8088147044181824	2.387816905975342
4	69	0.0005049948231317103	0.0021318322978913784	1.4803470373153687	0.9396824836730957	2.422666311264038
5	69	0.000561295251827687	0.0021446060854941607	1.158636212348938	1.1152608394622803	2.2766029834747314
6	69	0.030736327171325684	0.003918119706213474	0.8954066634178162	0.591296911239624	1.5213580131530762
7	69	0.0005011296598240733	0.002100053709000349	0.7067615389823914	1.2408095598220825	1.9501723051071167
8	69	0.0005910352920182049	0.00228435592725873	0.36909422278404236	0.6433081030845642	1.0152777433395386
9	69	0.0007130727753974497	0.0023472136817872524	-0.021350611001253128	1.072800636291504	1.0545103549957275
10	69	0.0005394393228925765	0.0020358171314001083	-0.15787436068058014	0.7172771692276001	0.5619781017303467
11	69	0.0005389492143876851	0.0021460368297994137	-0.4737168848514557	0.9116925597190857	0.44066065549850464
12	69	0.0006461063749156892	0.0021394246723502874	-0.48142173886299133	1.5845885276794434	1.105952262878418
13	69	0.0006430979701690376	0.0021982116159051657	-0.09581539779901505	0.899711012840271	0.806736946105957
14	69	0.0006610586424358189	0.002129476750269532	0.18658284842967987	0.9907580018043518	1.180131435394287
15	69	0.0005749624106101692	0.00258450536057353	0.9335417747497559	1.3162742853164673	2.2529754638671875
0	70	0.0007162868278101087	0.0022296695969998837	1.118719458580017	0.8455696702003479	1.9672350883483887
1	70	0.0005229143425822258	0.002117456868290901	0.8927181363105774	1.005605697631836	1.9009642601013184
2	70	0.0005144245806150138	0.001977291190996766	1.2454675436019897	0.7800241708755493	2.0279834270477295
3	70	0.0005695113795809448	0.0021109902299940586	1.2479777336120605	1.2280545234680176	2.478712797164917
4	70	0.0004631008778233081	0.00233624130487442	0.15030106902122498	0.697262704372406	0.8503631353378296
5	70	0.0005007600993849337	0.0022136354818940163	-1.2898998260498047	0.9344512820243835	-0.35273414850234985
6	70	0.028605502098798752	0.0027669197879731655	-1.9938008785247803	0.9777026176452637	-0.984725832939148
7	70	0.00043082120828330517	0.0023473999463021755	-0.476246178150177	0.9345653653144836	0.4610974192619324
8	70	0.0004950391012243927	0.002502322429791093	2.1413488388061523	1.2856117486953735	3.429957866668701
9	70	0.0005796070327050984	0.0026060708332806826	2.5115246772766113	0.8870518207550049	3.4017622470855713
10	70	0.0006584353395737708	0.002178944880142808	0.913023054599762	0.592515766620636	1.508376121520996
11	70	0.0005646765930578113	0.002301988424733281	-0.1531488001346588	1.0114747285842896	0.8611925840377808
12	70	0.0007011384586803615	0.002641883911564946	-2.8483023643493652	0.49102017283439636	-2.3539390563964844
13	70	0.0009222940425388515	0.0027421405538916588	-4.2876129150390625	0.3305280804634094	-3.953420400619507
14	70	0.0006663001840934157	0.0033166008070111275	-3.531773567199707	0.7546443939208984	-2.773146390914917
15	70	0.0005522304563783109	0.004407609812915325	-0.48769253492355347	0.8830247521400452	0.4002920687198639
0	71	0.0005174857215024531	0.006500896066427231	0.6109366416931152	0.6967475414276123	1.3147025108337402
1	71	0.0004988089785911143	0.011005627922713757	1.2111752033233643	0.9350341558456421	2.1577138900756836
2	71	0.0007269371999427676	0.015914669260382652	0.6874134540557861	1.0090053081512451	1.7130603790283203
3	71	0.000707131577655673	0.019198931753635406	0.3824077844619751	2.0247321128845215	2.427046060562134
4	71	0.0014944361755624413	0.020826181396842003	0.08588765561580658	1.3267689943313599	1.4349772930145264
5	71	0.0017900167731568217	0.017094682902097702	0.04280591383576393	1.128100037574768	1.1897906064987183
6	71	0.004105057567358017	0.012486053630709648	0.0067079272121191025	0.9055561423301697	0.9288551807403564
7	71	0.005582139827311039	0.011162079870700836	0.0006147719104774296	1.1097251176834106	1.1270841360092163
8	71	0.006975086871534586	0.010247446596622467	-4.2096075048903e-05	0.9462612867355347	0.9634417295455933
9	71	0.008954157121479511	0.00785829033702612	-0.0008369165589101613	0.9721348881721497	0.9881104230880737
10	71	0.03749214857816696	0.008977903053164482	-0.028935758396983147	0.7525978088378906	0.7701321244239807
11	71	0.015508411452174187	0.006714751478284597	0.0003358703979756683	0.7846381664276123	0.8071972131729126
12	71	0.01806625723838806	0.008179200813174248	1.1696796718752012e-05	1.498857855796814	1.5251150131225586
13	71	0.016902981325984	0.006997029297053814	3.0369054002221674e-05	0.9454564452171326	0.9693868160247803
14	71	0.02092611789703369	0.006837096065282822	-4.4545907940118923e-07	0.9302246570587158	0.9579874277114868
15	71	0.015668654814362526	0.006576930172741413	-8.124874284476391e-07	0.8828157782554626	0.9050605297088623
0	72	0.016515083611011505	0.0073669590055942535	-3.148292364585359e-07	1.7065119743347168	1.730393648147583
1	72	0.015776079148054123	0.00691142026335001	-3.8733818996661284e-07	0.9189521074295044	0.941639244556427
2	72	0.04279114305973053	0.008052894845604897	-0.039731428027153015	1.8281861543655396	1.8392987251281738
3	72	0.01025792770087719	0.006597177125513554	6.167614969854185e-07	0.6790982484817505	0.6959539651870728
4	72	0.007706457283347845	0.006571516394615173	8.206869210880541e-07	0.83349609375	0.847774863243103
5	72	0.006144426763057709	0.005945012904703617	6.805613566029933e-07	0.7311214804649353	0.7432116270065308
6	72	0.005699487403035164	0.005632187705487013	8.75045770953875e-06	1.1755636930465698	1.1869040727615356
7	72	0.004892943426966667	0.005237884819507599	9.9577925993799e-07	0.9632550477981567	0.9733868837356567
8	72	0.005213314667344093	0.00523720309138298	6.2231974879978225e-06	0.9476000666618347	0.9580568075180054
9	72	0.003389965509995818	0.004113631788641214	1.3409563734967378e-06	1.2119486331939697	1.2194535732269287
10	72	0.0030188013333827257	0.004122082144021988	-5.572343980020378e-06	0.8760035634040833	0.88313889503479
11	72	0.0026581212878227234	0.0038252687081694603	9.598365977581125e-07	0.5988156795501709	0.6053000092506409
12	72	0.003095159074291587	0.0038570426404476166	0.0010524648241698742	1.0990675687789917	1.1070722341537476
13	72	0.0027482726145535707	0.004040815401822329	2.3454716938431375e-05	0.774435818195343	0.7812483906745911
14	72	0.0017875247867777944	0.004160591866821051	2.516095491955639e-07	0.9609012007713318	0.9668495655059814
15	72	0.0016947818221524358	0.004541119560599327	-8.032857579109987e-08	0.8348140716552734	0.8410499095916748
0	73	0.0018922305898740888	0.004006425850093365	-1.1633769503305302e-07	0.7085301876068115	0.714428722858429
1	73	0.0014171443181112409	0.0040016029961407185	-6.286176699177304e-07	0.8460438251495361	0.8514619469642639
2	73	0.0016290238127112389	0.0044100284576416016	-2.496521847206168e-05	1.1743181943893433	1.1803323030471802
3	73	0.0012701664818450809	0.004027144517749548	-1.3598796613223385e-06	1.5650358200073242	1.5703318119049072
4	73	0.05507779121398926	0.0052200863137841225	-0.05350593850016594	0.8928840756416321	0.8996760249137878
5	73	0.0012556310975924134	0.0035944997798651457	-1.9990190480712045e-07	1.137105941772461	1.141955852508545
6	73	0.001040302449837327	0.0035449389833956957	4.965138487023069e-07	0.8556034564971924	0.8601891994476318
7	73	0.0011843211250379682	0.003384968964383006	7.232441703308723e-07	0.9882301092147827	0.9928001165390015
8	73	0.0010503851808607578	0.0038479517679661512	1.1131504606964882e-06	1.0210554599761963	1.0259549617767334
9	73	0.0010941025102511048	0.0035394448786973953	3.381248632194911e-07	0.5903252959251404	0.5949591994285583
10	73	0.0010587095748633146	0.0034864041954278946	1.613768517927383e-06	0.7887495756149292	0.7932962775230408
11	73	0.001083230716176331	0.0034284060820937157	2.251307932965574e-06	0.7577040195465088	0.7622178792953491
12	73	0.001038963790051639	0.0037766294553875923	0.00036012634518556297	0.9454202651977539	0.9505959749221802
13	73	0.000912949675694108	0.0033658649772405624	6.538526520216692e-08	0.963426411151886	0.9677053093910217
14	73	0.0009174818405881524	0.003630196675658226	-5.424593041425396e-07	1.3591481447219849	1.3636952638626099
15	73	0.0009876969270408154	0.003486158326268196	-5.045499733569159e-07	1.4476510286331177	1.4521243572235107
0	74	0.0010183220729231834	0.003270232817158103	-1.5089783573785098e-06	1.1030383110046387	1.1073253154754639
1	74	0.0008799356292001903	0.0034912205301225185	5.819160378450761e-06	1.4862278699874878	1.4906048774719238
2	74	0.0008525384473614395	0.002935928525403142	5.53760287402838e-07	0.8956062197685242	0.899395227432251
3	74	0.0008821779629215598	0.003794198390096426	2.953765488200588e-06	0.9881814122200012	0.992860734462738
4	74	0.0008333881851285696	0.003519189776852727	0.0006351546035148203	1.22975492477417	1.2347426414489746
5	74	0.0008838322246447206	0.003139968728646636	2.330471033928916e-06	0.6164671182632446	0.6204932332038879
6	74	0.0007658255635760725	0.003268839791417122	-4.714909300673753e-05	0.8846480250358582	0.888635516166687
7	74	0.0007227374007925391	0.003543705912306905	-5.69922804061207e-06	0.7905870676040649	0.7948477864265442
8	74	0.0008392767631448805	0.00296253920532763	-5.934330147283617e-06	0.9850605130195618	0.9888563752174377
9	74	0.048058249056339264	0.00451104948297143	-0.04817613214254379	0.6540980935096741	0.6584912538528442
10	74	0.0008483837591484189	0.0033165551722049713	-1.1347945473971777e-05	1.1936367750167847	1.1977903842926025
11	74	0.0008849840960465372	0.0037455654237419367	-1.6420141037087888e-05	0.8284622430801392	0.8330763578414917
12	74	0.0009140414767898619	0.003236585995182395	1.7251446706723073e-06	1.1661101579666138	1.1702624559402466
13	74	0.000984894810244441	0.0030210930854082108	2.8013500923407264e-06	0.9831345677375793	0.987143337726593
14	74	0.0009645117679610848	0.0034851585514843464	3.974295850639464e-06	0.8788855075836182	0.8833391666412354
15	74	0.0009450858342461288	0.003036811947822571	8.46060265757842e-06	0.8076159358024597	0.8116062879562378
0	75	0.0010317149572074413	0.0030802986584603786	2.3782758944435045e-06	0.5304191708564758	0.5345335602760315
1	75	0.0009348252788186073	0.0035436670295894146	-1.83649954124121e-05	0.9014576077461243	0.905917763710022
2	75	0.0008319210028275847	0.003164697205647826	-1.203727242682362e-05	0.7839105129241943	0.7878950834274292
3	75	0.0007960079237818718	0.003245494794100523	-5.27226120539126e-06	1.0350381135940552	1.0390743017196655
4	75	0.037887509912252426	0.003919149748980999	-0.04378784820437431	0.7499194145202637	0.7479382157325745
5	75	0.0009285922860726714	0.003304892685264349	-1.587651058798656e-05	1.3849598169326782	1.3891774415969849
6	75	0.0008394945180043578	0.0034958296455442905	6.643079359491821e-06	0.7339274287223816	0.7382693886756897
7	75	0.0011203716276213527	0.0031218158546835184	1.9762073861784302e-05	0.9441272616386414	0.9483892321586609
8	75	0.00105933693703264	0.0029874369502067566	-6.08072332397569e-06	0.6474092602729797	0.651449978351593
9	75	0.0011804918758571148	0.0028998509515076876	-3.2583771826466545e-05	0.7626562118530273	0.7667039632797241
10	75	0.0009676093468442559	0.0032364127691835165	-3.405530515010469e-05	1.0979894399642944	1.1021593809127808
11	75	0.0011518419487401843	0.003295638132840395	-1.1150310456287116e-05	0.7836156487464905	0.788051962852478
12	75	0.001308811828494072	0.003061772556975484	-1.7035134760590154e-06	1.0223333835601807	1.0267022848129272
13	75	0.0011783215450122952	0.002887978684157133	0.001023218035697937	0.811094343662262	0.816183865070343
14	75	0.0013016199227422476	0.0030696725007146597	6.788174232497113e-06	1.1581000089645386	1.1624780893325806
15	75	0.0011341781355440617	0.0032968188170343637	-1.1436261047492735e-05	1.2032274007797241	1.2076469659805298
0	76	0.0009715319029055536	0.0037299441173672676	5.862212219653884e-06	1.2638344764709473	1.2685418128967285
1	76	0.0010852761333808303	0.0032484368421137333	-8.629708645457868e-06	0.5573752522468567	0.5617003440856934
2	76	0.0010267726611346006	0.0036167979706078768	-9.47456865105778e-05	1.0867716073989868	1.0913203954696655
3	76	0.0010868957033380866	0.0035134435165673494	-6.308630690909922e-05	0.9633804559707642	0.9679176807403564
4	76	0.000912253453861922	0.0031230230815708637	-1.0459678378538229e-05	0.5992171168327332	0.6032419204711914
5	76	0.03921404480934143	0.003947472665458918	-0.04683651775121689	0.8756529688835144	0.8719779849052429
6	76	0.0011713358107954264	0.003307672217488289	-1.0141636721527902e-06	1.41079843044281	1.4152764081954956
7	76	0.0010303036542609334	0.003358461195603013	0.0003444762551225722	0.5575384497642517	0.5622717142105103
8	76	0.0011489796452224255	0.003607108723372221	-0.00011037824879167601	1.1071771383285522	1.1118228435516357
9	76	0.0009672192391008139	0.0036838010419160128	-0.00024835672229528427	1.1531457901000977	1.157548427581787
10	76	0.0012438406702131033	0.003371516242623329	-7.66245138947852e-05	0.7067694664001465	0.7113081812858582
11	76	0.0011167082702741027	0.003236049087718129	-4.890425771009177e-05	0.7622734308242798	0.7665773034095764
12	76	0.0008968539768829942	0.003388121258467436	0.003056589514017105	0.8284118175506592	0.8357533812522888
13	76	0.0009316816576756537	0.0031010019592940807	5.370668532123091e-06	0.9106252789497375	0.9146633148193359
14	76	0.0009654753375798464	0.0032253433018922806	0.0001950486475834623	0.846265435218811	0.8506513237953186
15	76	0.0009147492819465697	0.003082321025431156	7.549826113972813e-05	0.6529858112335205	0.6570583581924438
0	77	0.0008583451854065061	0.003125718329101801	3.4073418646585196e-05	0.7745019197463989	0.7785200476646423
1	77	0.0009690260631032288	0.0033868979662656784	-1.370740938000381e-05	0.9116491675376892	0.9159913659095764
2	77	0.0009550087852403522	0.003024561796337366	-0.00017234659753739834	1.3271833658218384	1.3309905529022217
3	77	0.0007430223049595952	0.0034759915433824062	0.00042949526687152684	0.8248201012611389	0.8294686079025269
4	77	0.03584624081850052	0.00396297313272953	-0.03915097564458847	0.6325491070747375	0.6332073211669922
5	77	0.001090190140530467	0.0032211188226938248	0.0015939739532768726	1.219157099723816	1.225062370300293
6	77	0.0011264075292274356	0.00331653980538249	-0.00022393582912627608	0.7868072390556335	0.79102623462677
7	77	0.0008757365867495537	0.00286423834040761	-0.0002039347600657493	0.6242828965187073	0.6278189420700073
8	77	0.001013176399283111	0.0033471614588052034	-0.0003129933320451528	0.6943556666374207	0.698403000831604
9	77	0.0009712649043649435	0.003311458043754101	-0.0001996300561586395	1.0765124559402466	1.0805954933166504
10	77	0.0010168353328481317	0.003656144253909588	-0.00019000147585757077	0.761200487613678	0.7656834721565247
11	77	0.0009848885238170624	0.0036751204170286655	-0.00021030085918027908	0.8986731171607971	0.9031228423118591
12	77	0.0008344741072505713	0.0032163425348699093	-0.00021960267622489482	0.5957357287406921	0.5995669364929199
13	77	0.00097160495352	0.0028151487931609154	0.0024542822502553463	0.5974773168563843	0.6037183403968811
14	77	0.0008126306347548962	0.0034141242504119873	-0.0013746184995397925	0.7839676141738892	0.7868197560310364
15	77	0.0009417231776751578	0.002987779676914215	0.0014533462235704064	0.8435364961624146	0.8489193320274353
0	78	0.000757648958824575	0.0031417650170624256	0.006123888306319714	0.47974324226379395	0.48976653814315796
1	78	0.0010319611756131053	0.0032227488700300455	0.006048070266842842	1.1488420963287354	1.1591448783874512
2	78	0.0008299967739731073	0.0032453942112624645	0.002788964193314314	0.40463560819625854	0.4114999771118164
3	78	0.0008761383942328393	0.0028460975736379623	0.0012851959327235818	0.7889195084571838	0.7939269542694092
4	78	0.0007543591782450676	0.002576109953224659	-0.0005666125216521323	0.6600417494773865	0.6628056168556213
5	78	0.0006645211251452565	0.0031486861407756805	-0.0012860738206654787	0.7895960807800293	0.7921231985092163
6	78	0.0006034866091795266	0.002870005089789629	-0.0005052139749750495	0.8423022031784058	0.8452704548835754
7	78	0.0005417493521235883	0.0031055649742484093	-0.0018556673312559724	0.5269310474395752	0.5287227034568787
8	78	0.0006691796006634831	0.0027969395741820335	-0.0003910041705239564	0.995280385017395	0.998355507850647
9	78	0.0006386979366652668	0.0029844040982425213	-0.0016508823027834296	0.9092936515808105	0.9112658500671387
10	78	0.03668196499347687	0.003894359804689884	-0.045847874134778976	1.0641593933105469	1.0588878393173218
11	78	0.0006008865893818438	0.002927743596956134	0.0003245036641601473	1.1420053243637085	1.1458584070205688
12	78	0.0006342416163533926	0.0027148930821567774	-0.0002277468447573483	0.6625977754592896	0.6657191514968872
13	78	0.0007119418005459011	0.003083813237026334	0.0002585482725407928	0.7642883658409119	0.7683426737785339
14	78	0.0006768870516680181	0.0029673436656594276	-0.00045342472731135786	1.0042260885238647	1.007416844367981
15	78	0.0007528309361077845	0.003083790885284543	0.0032612851355224848	0.9880629777908325	0.9951608777046204
0	79	0.00065295968670398	0.0031273227650672197	-0.002940279431641102	0.718777596950531	0.7196176052093506
1	79	0.0006636627949774265	0.0028435629792511463	0.01381248701363802	1.131142258644104	1.148461937904358
2	79	0.0007948785787448287	0.0027916240505874157	-0.0024704269599169493	0.7726783752441406	0.7737944722175598
3	79	0.0006073112599551678	0.0029667289927601814	-0.0009774807840585709	0.47446325421333313	0.47705981135368347
4	79	0.0007025533705018461	0.002649438800290227	-0.0016001235926523805	0.5770362615585327	0.5787881016731262
5	79	0.0006454022950492799	0.002872014883905649	-0.004009202588349581	0.6678763628005981	0.6673845648765564
6	79	0.03042883239686489	0.004014353733509779	-0.04538043588399887	0.7624135613441467	0.7514762878417969
7	79	0.0009402140858583152	0.0028479858301579952	-0.0021276772022247314	1.079065203666687	1.0807256698608398
8	79	0.0007523172535002232	0.002867120783776045	-0.002425137907266617	0.9439752101898193	0.9451695084571838
9	79	0.00086680066306144	0.0028890278190374374	0.014286953955888748	0.9369240403175354	0.9549668431282043
10	79	0.0010160759557038546	0.0030290083959698677	0.00026472110766917467	0.6813973188400269	0.685707151889801
11	79	0.0008001937530934811	0.0025557340122759342	0.006514499895274639	0.7478996515274048	0.7577700614929199
12	79	0.0011189759243279696	0.0032253912650048733	-0.008530807681381702	0.47692883014678955	0.47274237871170044
13	79	0.0009112311527132988	0.0028358171693980694	0.007123325485736132	0.9637501835823059	0.9746205806732178
14	79	0.0010315837571397424	0.002888607094064355	-0.0006999651668593287	0.555680513381958	0.5589007139205933
15	79	0.0008024087874218822	0.002925871405750513	-0.006175375077873468	0.7822028994560242	0.7797558307647705
0	80	0.0010782014578580856	0.0027309535071253777	-0.002744658850133419	0.7525924444198608	0.7536569237709045
1	80	0.0009094588458538055	0.002830454846844077	0.0030152148101478815	1.1590138673782349	1.1657689809799194
2	80	0.0010406733490526676	0.0026652824599295855	-0.010854661464691162	0.5721231698989868	0.5649744868278503
3	80	0.0008777462062425911	0.002827474381774664	-0.017136888578534126	0.4190884232521057	0.40565675497055054
4	80	0.0007624811842106283	0.0027314010076224804	-0.0025625936686992645	0.6479508280754089	0.6488820910453796
5	80	0.0008405415574088693	0.0028669778257608414	-0.012268668971955776	0.3114061951637268	0.3028450608253479
6	80	0.0009372481727041304	0.0030064284801483154	-0.004346685949712992	1.0794395208358765	1.0790364742279053
7	80	0.0005292076384648681	0.002752637956291437	-0.005152157042175531	0.7705263495445251	0.7686560153961182
8	80	0.0006167116807773709	0.0030056482646614313	-0.013766583055257797	0.8143965601921082	0.8042523264884949
9	80	0.0005416633212007582	0.003029425395652652	-0.011948407627642155	1.443955898284912	1.4355785846710205
10	80	0.000582618173211813	0.0026330859400331974	-0.00827201921492815	1.0252833366394043	1.020227074623108
11	80	0.0006937236757948995	0.0024106791242957115	-0.0106740677729249	1.009161114692688	1.001591444015503
12	80	0.0007583607221022248	0.002780207432806492	-0.02997058816254139	0.6541544198989868	0.6277223825454712
13	80	0.0005519040278159082	0.002922171028330922	-0.038416504859924316	0.9576708078384399	0.9227283596992493
14	80	0.027434131130576134	0.003961071837693453	-0.061073675751686096	0.7537515759468079	0.7240731120109558
15	80	0.00047356137656606734	0.0028466489166021347	-0.0434890054166317	0.9650975465774536	0.9249287247657776
0	81	0.0005329269915819168	0.0029921268578618765	-0.05684664845466614	0.9705576300621033	0.9172360301017761
1	81	0.0006630608113482594	0.0027120423037558794	-0.06368519365787506	0.5353241562843323	0.4750140607357025
2	81	0.0006076081772334874	0.002615581499412656	-0.05603771656751633	0.6094508171081543	0.5566362738609314
3	81	0.0009118053712882102	0.0030077830888330936	-0.09177983552217484	0.5938813090324402	0.5060210824012756
4	81	0.018809571862220764	0.004003691487014294	-0.07214333117008209	0.7558807134628296	0.706550657749176
5	81	0.0008552075596526265	0.003002626821398735	-0.1014312356710434	0.46486130356788635	0.36728790402412415
6	81	0.0012030665529891849	0.0027649172116070986	-0.14544495940208435	0.7195267677307129	0.5780497789382935
7	81	0.0012314122868701816	0.0035215565003454685	-0.18908818066120148	0.6983086466789246	0.5139734148979187
8	81	0.0010151970200240612	0.0030222898349165916	-0.19907234609127045	0.7507143616676331	0.5556795001029968
9	81	0.0010357738938182592	0.002888308372348547	-0.18571144342422485	0.8165372014045715	0.6347498297691345
10	81	0.0009966210927814245	0.0037576830945909023	-0.2335490584373474	0.7574990391731262	0.5287042856216431
11	81	0.0012051520170643926	0.004163355566561222	-0.589829683303833	0.5543620586395264	-0.030099093914031982
12	81	0.001334486179985106	0.004612952936440706	-0.6613184213638306	0.6355822682380676	-0.019788742065429688
13	81	0.0014322748174890876	0.005891462787985802	-1.0677703619003296	1.0912482738494873	0.03080165386199951
14	81	0.002109345979988575	0.007538084406405687	-1.2471331357955933	1.511961579322815	0.27447593212127686
15	81	0.003379273461177945	0.008994300849735737	-1.4198895692825317	0.47725677490234375	-0.9302592277526855
0	82	0.004801884293556213	0.008942591957747936	0.43941032886505127	0.5876217484474182	1.0407764911651611
1	82	0.0035629940684884787	0.009168991819024086	0.2146783173084259	0.6972342133522034	0.9246445298194885
2	82	0.004054669756442308	0.009577547200024128	-0.3352033495903015	0.6251844763755798	0.3036133348941803
3	82	0.004807857796549797	0.008467094041407108	0.8121682405471802	0.7719150185585022	1.597358226776123
4	82	0.003384465118870139	0.007759879343211651	0.9238265752792358	0.47186997532844543	1.4068409204483032
5	82	0.0018808860331773758	0.010141978040337563	1.2907365560531616	0.7435856461524963	2.0463449954986572
6	82	0.002046035137027502	0.014329163357615471	0.49770763516426086	0.8405661582946777	1.3546490669250488
7	82	0.0012027755146846175	0.02283053658902645	0.09205368906259537	0.8513259887695312	0.9674130082130432
8	82	0.001424310845322907	0.023912744596600533	-0.20472542941570282	1.1781210899353027	0.9987326860427856
9	82	0.00392208993434906	0.02106485329568386	-0.4228995740413666	1.9877948760986328	1.589882254600525
10	82	0.003664254443719983	0.022216569632291794	-0.20834994316101074	1.2706212997436523	1.0881521701812744
11	82	0.01565752550959587	0.030106961727142334	-0.36968177556991577	0.8460438251495361	0.5221265554428101
12	82	0.0183931402862072	0.030967265367507935	-0.2295960783958435	0.7115288376808167	0.5312931537628174
13	82	0.038477785885334015	0.02844296209514141	-0.20023664832115173	1.4335551261901855	1.3002392053604126
14	82	0.0409235879778862	0.020131390541791916	-0.11403249949216843	0.8409731388092041	0.7879956364631653
15	82	0.034149087965488434	0.013460121117532253	-0.09856345504522324	0.7365850806236267	0.6856308579444885
0	83	0.029978344216942787	0.010231499560177326	-0.05747532844543457	0.875190794467926	0.857925295829773
1	83	0.01265279483050108	0.010476908646523952	-0.013294809497892857	0.7279854416847229	0.7378203272819519
2	83	0.01034060213714838	0.012255821377038956	0.02441132441163063	0.9165505170822144	0.9635582566261292
3	83	0.005247016437351704	0.014637144282460213	0.09566312283277512	1.0178674459457397	1.1334147453308105
4	83	0.0041263229213654995	0.014090296812355518	0.11214401572942734	0.9651915431022644	1.0955522060394287
5	83	0.002925623208284378	0.012769414111971855	0.16332456469535828	2.2576098442077637	2.4366295337677
6	83	0.0020717738661915064	0.01197571400552988	0.15804825723171234	0.6724787950515747	0.8445745706558228
7	83	0.0017214668914675713	0.008404781110584736	0.11465321481227875	1.013534426689148	1.138313889503479
8	83	0.0013588868314400315	0.007476468570530415	0.0999450758099556	0.8335797786712646	0.9423602223396301
9	83	0.0009885842446237803	0.006417311728000641	0.058244187384843826	0.6112457513809204	0.6768958568572998
10	83	0.0010639936663210392	0.0051892963238060474	0.009460077621042728	1.3942557573318481	1.4099690914154053
11	83	0.0008414383046329021	0.005150174722075462	-0.002071136375889182	1.0796115398406982	1.0835319757461548
12	83	0.0006985652726143599	0.005237270146608353	0.013989599421620369	0.5960545539855957	0.6159799695014954
13	83	0.0006517424480989575	0.005454694852232933	-0.0005503001157194376	0.5510645508766174	0.556620717048645
14	83	0.08639777451753616	0.005878363735973835	-0.06599296629428864	0.7024379968643188	0.7287211418151855
15	83	0.000568602466955781	0.004456717055290937	-0.05116854980587959	1.26412034034729	1.2179771661758423
0	84	0.0005269008106552064	0.0047316476702690125	-0.03290027752518654	0.7105929851531982	0.6829512715339661
1	84	0.0004947622655890882	0.004317683633416891	-0.03483627736568451	0.5444468855857849	0.5144230723381042
2	84	0.0004537793865893036	0.004662444349378347	-0.06766361743211746	0.957680344581604	0.8951329588890076
3	84	0.0004565850249491632	0.004508701153099537	-0.09529991447925568	1.5225632190704346	1.4322285652160645
4	84	0.00048070805496536195	0.004461916163563728	-0.09226898103952408	1.0968098640441895	1.0094834566116333
5	84	0.00048330920981243253	0.004630452953279018	-0.11984632164239883	0.8230138421058655	0.7082812786102295
6	84	0.08164448291063309	0.005659350194036961	-0.21536611020565033	0.6861666440963745	0.558104395866394
7	84	0.0004692354705184698	0.0039494396187365055	-0.16703833639621735	0.8977088928222656	0.7350892424583435
8	84	0.0004624887078534812	0.003995156846940517	-0.23605768382549286	0.8598480820655823	0.6282480359077454
9	84	0.0004295067337807268	0.003483659354969859	-0.28821074962615967	0.4236210882663727	0.13932350277900696
10	84	0.00046501809265464544	0.003973223268985748	-0.44788122177124023	0.992555558681488	0.5491125583648682
11	84	0.0004775431880261749	0.003657521679997444	-0.5665069818496704	0.553285539150238	-0.009086370468139648
12	84	0.0005650807288475335	0.003986545372754335	-0.9320997595787048	0.8168371915817261	-0.11071091890335083
13	84	0.0005774516030214727	0.004351936746388674	-0.8706393837928772	0.6417573094367981	-0.22395271062850952
14	84	0.0005459731910377741	0.004038358107209206	-1.2953355312347412	0.5108622312545776	-0.7798889875411987
15	84	0.0006763471756130457	0.004462927579879761	-1.203100323677063	1.4100720882415771	0.2121109962463379
0	85	0.0006270324229262769	0.004219237715005875	-1.5185573101043701	1.0972363948822021	-0.41647469997406006
1	85	0.0006058833096176386	0.004799744114279747	-2.3747923374176025	0.42885205149650574	-1.9405345916748047
2	85	0.0006381364073604345	0.0046773809008300304	-2.045257091522217	0.5489208102226257	-1.491020679473877
3	85	0.0006609888514503837	0.004937179386615753	-2.3284201622009277	0.5286759734153748	-1.7941460609436035
4	85	0.0006622702348977327	0.00517627876251936	-0.9742588400840759	0.5919039249420166	-0.37651634216308594
5	85	0.0005609736545011401	0.006389724090695381	-0.699353039264679	0.9490887522697449	0.25668638944625854
6	85	0.000537753221578896	0.009546464309096336	-0.35989874601364136	0.8724679946899414	0.5226534605026245
7	85	0.0004086837579961866	0.010571231134235859	-0.722478449344635	1.0459579229354858	0.3344593644142151
8	85	0.06229911744594574	0.015431893989443779	-0.9586684107780457	0.881512463092804	0.0005750656127929688
9	85	0.000371299684047699	0.01295239944010973	-1.0435068607330322	0.513667643070221	-0.5165155529975891
10	85	0.00035177936661057174	0.011496001854538918	-1.0189605951309204	0.7077924609184265	-0.29932039976119995
11	85	0.00041346848593093455	0.01000428106635809	-0.8668938875198364	0.7723870277404785	-0.08408910036087036
12	85	0.0005030566244386137	0.007915537804365158	-1.386675238609314	0.5306781530380249	-0.8475785255432129
13	85	0.0007763981120660901	0.009992929175496101	-1.1565099954605103	0.976847767829895	-0.16889286041259766
14	85	0.000851309159770608	0.01195994857698679	-1.1963638067245483	0.7986741662025452	-0.38487833738327026
15	85	0.001662151189520955	0.016131654381752014	-1.510041356086731	0.9043324589729309	-0.5879151225090027
0	86	0.025303468108177185	0.019364111125469208	-1.431395411491394	0.986307680606842	-0.4004201292991638
1	86	0.0032357582822442055	0.01815257966518402	-0.984596848487854	0.6302924752235413	-0.3329160213470459
2	86	0.007720863912254572	0.017770515754818916	-0.6093195676803589	0.5878539681434631	0.004025757312774658
3	86	0.018580302596092224	0.018682455644011497	-0.22440889477729797	1.4069933891296387	1.2198472023010254
4	86	0.011652356013655663	0.014767917804419994	0.11708125472068787	1.1158748865127563	1.2593764066696167
5	86	0.014340879395604134	0.012636293657124043	0.39785534143447876	0.8406506180763245	1.2654831409454346
6	86	0.012416043318808079	0.012145627290010452	0.4773975908756256	0.9535084962844849	1.455467700958252
7	86	0.00875396654009819	0.010130126029253006	0.6485729217529297	1.032203197479248	1.6996601819992065
8	86	0.009796486236155033	0.009469179436564445	0.9299249649047852	0.8284813761711121	1.7776720523834229
9	86	0.005579312331974506	0.012418868020176888	1.192737340927124	0.7792569994926453	1.989992618560791
10	86	0.0018064234172925353	0.012187065556645393	1.3639596700668335	1.0540556907653809	2.432008743286133
11	86	0.0012415649835020304	0.014524959027767181	1.350132703781128	0.7077968716621399	2.0736961364746094
12	86	0.0016879019094631076	0.01876162178814411	1.2658075094223022	1.4035820960998535	2.6898391246795654
13	86	0.00038356048753485084	0.018140381202101707	0.9632284045219421	0.7539611458778381	1.7357134819030762
14	86	0.00027807950391434133	0.018341723829507828	0.7463987469673157	0.9111286401748657	1.676147222518921
15	86	0.00042968112393282354	0.017805103212594986	0.3131629228591919	1.2229292392730713	1.5543270111083984
0	87	0.0005638673319481313	0.016230333596467972	0.11045795679092407	1.2932311296463013	1.4204833507537842
1	87	0.07461921870708466	0.01713935099542141	-0.044734492897987366	1.5992121696472168	1.6462363004684448
2	87	0.0012101485626772046	0.011938732117414474	0.005145972594618797	1.7299450635910034	1.7482398748397827
3	87	0.0015370144974440336	0.011371908709406853	0.006501995492726564	1.7817652225494385	1.8011761903762817
4	87	0.002623083535581827	0.010211583226919174	4.3663563701556996e-05	0.9383330345153809	0.9512113928794861
5	87	0.002524101873859763	0.00866016373038292	-0.019384829327464104	0.8491940498352051	0.8409934639930725
6	87	0.003310186555609107	0.007746867835521698	-0.03493243455886841	0.8972311615943909	0.8733558058738708
7	87	0.004098038654774427	0.006483841687440872	-0.04489559307694435	1.0426175594329834	1.0083038806915283
8	87	0.0034128043334931135	0.006430020555853844	-0.028020773082971573	0.9580362439155579	0.9398583173751831
9	87	0.00369474571198225	0.006380800157785416	-0.015505718998610973	0.904204249382019	0.8987740874290466
10	87	0.004091566428542137	0.005706088617444038	-0.0013447690289467573	1.132319450378418	1.1407723426818848
11	87	0.004183292854577303	0.005597298499196768	-1.474744567531161e-05	1.0113040208816528	1.021069884300232
12	87	0.003135793609544635	0.006831602659076452	-0.003852164139971137	0.9892869591712952	0.9954022169113159
13	87	0.0029227903578430414	0.0062399618327617645	-0.008417265489697456	1.109657645225525	1.1104031801223755
14	87	0.003727395785972476	0.005986563861370087	-0.006489267107099295	0.9312992691993713	0.9345239400863647
15	87	0.002877333201467991	0.006285221315920353	-0.0014523083809763193	1.1417511701583862	1.1494613885879517
0	88	0.0030223994981497526	0.0056910524144768715	-0.0009443393792025745	1.0330058336257935	1.040774941444397
1	88	0.002297355327755213	0.005552385933697224	6.590939278794394e-07	0.6304766535758972	0.6383270621299744
2	88	0.002765087177976966	0.005741136148571968	0.004560214467346668	0.9423507452011108	0.9554171562194824
3	88	0.0019526745891198516	0.00485557084903121	2.5626506612752564e-05	0.888001561164856	0.8948354125022888
4	88	0.002333621261641383	0.0047993529587984085	0.00033189711393788457	0.8972032070159912	0.9046680927276611
5	88	0.0023866386618465185	0.004118644632399082	1.4663307865703246e-06	1.024656891822815	1.0311636924743652
6	88	0.0015846077585592866	0.004331550095230341	0.0007215842488221824	0.5170192122459412	0.523656964302063
7	88	0.001956082647666335	0.003996573854237795	0.006073849741369486	1.2954065799713135	1.3074331283569336
8	88	0.0022346433252096176	0.0040894607082009315	0.0005606075283139944	0.9562028646469116	0.9630875587463379
9	88	0.0016633296618238091	0.004120121710002422	5.018169031245634e-05	1.717047095298767	1.7228807210922241
10	88	0.001962871290743351	0.003898871596902609	-0.00021282632951624691	1.124590277671814	1.1302392482757568
11	88	0.0015310400631278753	0.003973398823291063	0.0012460534926503897	1.0031548738479614	1.0099053382873535
12	88	0.0013755864929407835	0.003922413568943739	3.155871672788635e-05	1.1747819185256958	1.1801115274429321
13	88	0.001173676224425435	0.00406818650662899	-1.3577209756476805e-06	1.2279163599014282	1.2331569194793701
14	88	0.0012029940262436867	0.0036392640322446823	0.0001618433598196134	0.6944370865821838	0.6994411945343018
15	88	0.07294268906116486	0.004692905582487583	-0.04807770252227783	1.153088927268982	1.1826468706130981
0	89	0.0013197569642215967	0.003707334864884615	3.3619169670373594e-08	1.4439821243286133	1.4490092992782593
1	89	0.0010223182616755366	0.0038571273908019066	-2.8991056751692668e-05	0.8036677241325378	0.8085181713104248
2	89	0.0011739337351173162	0.003882055403664708	1.127705218095798e-05	0.8716086149215698	0.8766759037971497
3	89	0.0011303308419883251	0.003791410941630602	-1.0269776566929067e-06	0.8190261125564575	0.8239468336105347
4	89	0.0012180982157588005	0.003466105554252863	5.9691621572710574e-05	1.0313457250595093	1.0360896587371826
5	89	0.000992650049738586	0.0036054663360118866	-1.5361343685071915e-05	1.06099534034729	1.0655781030654907
6	89	0.0009684979449957609	0.003449205309152603	-3.3023087553374353e-07	1.1213067770004272	1.125724196434021
7	89	0.0007677364046685398	0.0036132712848484516	-0.0001180858162115328	0.7162332534790039	0.7204961776733398
8	89	0.0009122202172875404	0.0037932898849248886	-1.3070815896298882e-07	1.6625546216964722	1.6672600507736206
9	89	0.0008275273139588535	0.003300176002085209	0.00013818747538607568	0.7518036365509033	0.756069540977478
10	89	0.0010219026589766145	0.0035974164493381977	-0.0027560240123420954	0.9245113730430603	0.9263746738433838
11	89	0.0005765481619164348	0.0034179240465164185	-0.0018647321267053485	0.700065553188324	0.7021952867507935
12	89	0.05575311928987503	0.004115750081837177	-0.048063330352306366	0.9052506685256958	0.9170562028884888
13	89	0.0007998731452971697	0.0033921159338206053	-0.0009496313286945224	1.1211873292922974	1.124429702758789
14	89	0.0007748727221041918	0.00305382302030921	-3.5464072425384074e-06	0.9981065392494202	1.0019316673278809
15	89	0.0007798728765919805	0.003483786713331938	-0.0007283203885890543	1.0213367938995361	1.0248721837997437
0	90	0.0478392131626606	0.004082872997969389	-0.04860123619437218	1.1060858964920044	1.1094067096710205
1	90	0.000979042612016201	0.0030023730359971523	-1.7749734126937255e-08	1.0275882482528687	1.0315696001052856
2	90	0.0008172793895937502	0.0031521469354629517	-7.045494498925109e-07	0.7617924809455872	0.7657611966133118
3	90	0.0010424917563796043	0.0034785158932209015	-8.959125921137456e-07	0.7457289099693298	0.7502490282058716
4	90	0.001034948625601828	0.003410257399082184	-2.344697804801399e-06	0.9464919567108154	0.9509348273277283
5	90	0.0009861901635304093	0.003160238964483142	-1.764244370860979e-05	1.3700411319732666	1.374169945716858
6	90	0.001256035640835762	0.0037111500278115273	-0.0031693517230451107	0.9794919490814209	0.981289803981781
7	90	0.0013174141058698297	0.0035708730574697256	-0.002560531487688422	0.9800465106964111	0.9823742508888245
8	90	0.0008865074487403035	0.0034964473452419043	-0.00022760263527743518	0.8716853857040405	0.8758407235145569
9	90	0.0013226286973804235	0.0031236987560987473	-0.0009561703191138804	1.0550508499145508	1.0585410594940186
10	90	0.0011378559283912182	0.0029252744279801846	-4.382431143312715e-05	1.1070737838745117	1.1110930442810059
11	90	0.0010104916291311383	0.0037299958057701588	-0.00024950882652774453	0.887757420539856	0.8922483921051025
12	90	0.0009240771760232747	0.0031616350170224905	-7.609215657566892e-08	0.5911101698875427	0.5951958298683167
13	90	0.0010699403937906027	0.003085328033193946	-1.3927025293014594e-06	0.8806862235069275	0.8848400712013245
14	90	0.0011413434986025095	0.00333437230437994	-0.00030884172883816063	0.8907471299171448	0.8949140310287476
15	90	0.001041459501720965	0.003266940824687481	-2.22507674152439e-06	1.722448706626892	1.726754903793335
0	91	0.001102977548725903	0.0029444056563079357	-1.0781956007122062e-05	1.9103806018829346	1.9144171476364136
1	91	0.0012900339206680655	0.0035014518070966005	-2.5486433514743112e-05	1.0352756977081299	1.0400416851043701
2	91	0.0009880715515464544	0.0028693568892776966	-0.0003020200238097459	0.9184519648551941	0.9220073819160461
3	91	0.0009044659091159701	0.0034318717662245035	-0.0006672902964055538	0.6466407179832458	0.6503097414970398
4	91	0.0009355448419228196	0.0030400948598980904	-1.2526754744612845e-06	0.627223014831543	0.6311973929405212
5	91	0.0006664508255198598	0.003354062791913748	-0.002689909189939499	0.826294481754303	0.8276250958442688
6	91	0.030432505533099174	0.0043296413496136665	-0.05086888000369072	0.9450169801712036	0.9289102554321289
7	91	0.0007136961212381721	0.0030418129172176123	-2.2208330392459175e-06	1.3661423921585083	1.3698956966400146
8	91	0.0008716326556168497	0.0034926810767501593	-0.006430021021515131	1.055703043937683	1.0536373853683472
9	91	0.0008488401072099805	0.0029355273582041264	-0.00015799797256477177	0.8667058348655701	0.8703321814537048
10	91	0.0007668771431781352	0.003074703738093376	-0.0011335067683830857	0.7894718647003174	0.7921799421310425
11	91	0.0006774021894671023	0.003168881870806217	-0.0029597401153296232	0.7483086585998535	0.7491952180862427
12	91	0.0006945304339751601	0.0032054379116743803	-0.0007913371082395315	1.119752049446106	1.1228606700897217
13	91	0.0007734115933999419	0.0028148824349045753	-1.650482226978056e-05	0.9145211577415466	0.9180929660797119
14	91	0.0007579767843708396	0.003310329979285598	-0.002262985100969672	0.8752900958061218	0.8770954012870789
15	91	0.000978277763351798	0.002863418310880661	-1.3833994216838619e-06	0.9100350141525269	0.9138753414154053
0	92	0.0007097506313584745	0.0031598741188645363	-4.488351805775892e-07	1.0396403074264526	1.0435094833374023
1	92	0.02823701873421669	0.0039227185770869255	-0.05532241240143776	1.1337687969207764	1.110606074333191
2	92	0.0006442610756494105	0.003041310701519251	-0.0009473325335420668	0.8165390491485596	0.819277286529541
3	92	0.0007334299734793603	0.003473930759355426	-0.007732606492936611	0.9173417091369629	0.9138164520263672
4	92	0.0007172294426709414	0.0030930317007005215	-0.0021532056853175163	1.036096215248108	1.0377532243728638
5	92	0.0006168658728711307	0.003029598155990243	-3.8458652852568775e-05	1.3471627235412598	1.3507707118988037
6	92	0.0006698267534375191	0.003112917533144355	-0.00016407828661613166	0.7406125664710999	0.7442312240600586
7	92	0.0006629616254940629	0.0034163487143814564	-0.00804860144853592	1.0610123872756958	1.0570430755615234
8	92	0.0007186741568148136	0.0032883386593312025	-0.0018475190736353397	0.6571673154830933	0.6593267917633057
9	92	0.0005524196894839406	0.0030010738410055637	-0.000694978516548872	0.7737463712692261	0.7766048908233643
10	92	0.0005191738018766046	0.0029684389010071754	-0.0005374178872443736	0.3748992681503296	0.3778494596481323
11	92	0.0005181630258448422	0.003143321955576539	-0.009700820781290531	0.9756019115447998	0.9695625901222229
12	92	0.0005271988920867443	0.002810402773320675	-0.0002501551352906972	0.7923123836517334	0.7953998446464539
13	92	0.00050982745597139	0.002798925619572401	-0.00013840985775459558	0.7467753887176514	0.7499457597732544
14	92	0.0005329637206159532	0.0034958014730364084	-0.004761871416121721	0.872834324836731	0.8721012473106384
15	92	0.0004980132798664272	0.0035951421596109867	-0.0006249707657843828	0.8073300123214722	0.810798168182373
0	93	0.00044811004772782326	0.0031439769081771374	-0.0012031975202262402	0.8295755982398987	0.8319644927978516
1	93	0.00041521352250128984	0.0031730595510452986	-0.007471942342817783	0.722615122795105	0.7187314629554749
2	93	0.0004888190887868404	0.0032210457138717175	-0.0013552549062296748	0.6307792067527771	0.6331338286399841
3	93	0.00040784344309940934	0.0031086686067283154	-0.00010783378820633516	0.9317022562026978	0.9351109266281128
4	93	0.0004764776676893234	0.002860656939446926	-0.0007633064524270594	0.7123377323150635	0.7149115800857544
5	93	0.0388135127723217	0.003949710167944431	-0.056798748672008514	0.7175036668777466	0.7034681439399719
6	93	0.00038807300734333694	0.0032055038027465343	-0.006272470112890005	0.8264681696891785	0.8237892985343933
7	93	0.00037458131555467844	0.003287780098617077	-0.002941566053777933	0.5654913783073425	0.5662121772766113
8	93	0.0004472451109904796	0.002954999916255474	-0.0013551954180002213	0.756207287311554	0.75825434923172
9	93	0.0004889435367658734	0.003096805652603507	-0.0011152127990499139	0.5870828032493591	0.5895533561706543
10	93	0.000572224787902087	0.003058619797229767	-0.019157730042934418	0.7232445478439331	0.7077176570892334
11	93	0.0006302401889115572	0.0031860468443483114	-0.009298196993768215	0.8193023204803467	0.8138204216957092
12	93	0.0004690399509854615	0.0029619168490171432	-0.005507058463990688	0.3791223466396332	0.37704625725746155
13	93	0.0005654242704622447	0.0031051510013639927	-0.015603980049490929	1.2465852499008179	1.234651803970337
14	93	0.0006059093284420669	0.003477926831692457	-0.011679559014737606	0.7959027886390686	0.7883070707321167
15	93	0.0006001428118906915	0.003006694372743368	-0.002054399810731411	0.8425577282905579	0.8441101908683777
0	94	0.0006220790091902018	0.0031850284431129694	-0.010638467967510223	0.7460208535194397	0.7391895055770874
1	94	0.0006804505246691406	0.00316117936745286	-0.015894465148448944	0.8816990852355957	0.8696462512016296
2	94	0.00044198587420396507	0.002715286100283265	-0.010456300340592861	0.4303024411201477	0.4230034053325653
3	94	0.0004708573396783322	0.0029078559018671513	-0.01863257586956024	0.4302445948123932	0.41499072313308716
4	94	0.0005725165246985853	0.0032830950804054737	-0.002118494361639023	0.6351168751716614	0.6368539929389954
5	94	0.000619817350525409	0.0031254012137651443	-0.012982458807528019	0.4335969388484955	0.4243597090244293
6	94	0.00045346407569013536	0.0028416099958121777	-0.0016270445194095373	0.5043493509292603	0.5060173869132996
7	94	0.00041494067409075797	0.0028967303223907948	-0.01189655065536499	0.49376243352890015	0.48517754673957825
8	94	0.037481408566236496	0.0034405956976115704	-0.06816492974758148	0.9503944516181946	0.9231515526771545
9	94	0.0005652960389852524	0.003407503478229046	-0.0156469214707613	0.6076307892799377	0.5959566831588745
10	94	0.0004528061836026609	0.0028230089228600264	-0.03510965779423714	0.524314284324646	0.49248045682907104
11	94	0.0006060400046408176	0.0025674165226519108	-0.024223050102591515	1.1140916347503662	1.093042016029358
12	94	0.0005415396299213171	0.00312240794301033	-0.006574839819222689	0.7328609228134155	0.7299500107765198
13	94	0.0008958714897744358	0.0032580166589468718	-0.04759514704346657	0.6066555976867676	0.5632143616676331
14	94	0.0005159691791050136	0.002925014588981867	-0.009387291967868805	0.7874765396118164	0.7815302610397339
15	94	0.0005342720542103052	0.0031172088347375393	-0.03121911734342575	1.2422245740890503	1.214656949043274
0	95	0.0005712553975172341	0.003086542710661888	-0.026257596909999847	0.6617975831031799	0.6391977667808533
1	95	0.0006797657115384936	0.0031257604714483023	-0.030477600172162056	0.5487725138664246	0.5221004486083984
2	95	0.0005927399615757167	0.003059542505070567	-0.035615842789411545	0.5714609026908875	0.5394973158836365
3	95	0.0005667312070727348	0.0037449675146490335	-0.02759343385696411	0.8404563665390015	0.8171746134757996
4	95	0.0003780208935495466	0.003755122423171997	-0.05148042365908623	0.5183256268501282	0.47097834944725037
5	95	0.0006430319626815617	0.0033925743773579597	-0.08623049408197403	0.5574241876602173	0.47522929310798645
6	95	0.0005074610817246139	0.0034242654219269753	-0.03157608211040497	0.8007931113243103	0.773148775100708
7	95	0.000381449208362028	0.0034271858166903257	-0.06350473314523697	0.8310617208480835	0.7713656425476074
8	95	0.02782164327800274	0.004223244730383158	-0.07726075500249863	0.6189903020858765	0.5737744569778442
9	95	0.00047483330126851797	0.0033930540084838867	-0.008812292478978634	0.685964047908783	0.68101966381073
10	95	0.0007650916231796145	0.0031645989511162043	-0.06320258229970932	0.6559245586395264	0.5966516733169556
11	95	0.0006430238718166947	0.00351256737485528	-0.1377587616443634	0.8751804232597351	0.7415772676467896
12	95	0.0006509667728096247	0.003378580091521144	-0.09964176267385483	0.5145354270935059	0.41892319917678833
13	95	0.0007535690674558282	0.003423264715820551	-0.057305317372083664	0.8845321536064148	0.8314036726951599
14	95	0.00043208926217630506	0.0033093998208642006	-0.14414216578006744	0.48908573389053345	0.34868505597114563
15	95	0.000584317953325808	0.0034700389951467514	-0.08849404007196426	1.0303254127502441	0.9458857178688049
0	96	0.0005189788062125444	0.0030786339193582535	-0.11449214816093445	0.42312291264533997	0.31222838163375854
1	96	0.0006809515762142837	0.0036291242577135563	-0.12626990675926208	0.47456884384155273	0.3526090085506439
2	96	0.00046359238331206143	0.0035213902592658997	-0.12366996705532074	0.6314112544059753	0.5117262601852417
3	96	0.0005730007542297244	0.0033432897180318832	-0.11076263338327408	0.6593170166015625	0.5524706840515137
4	96	0.00037684262497350574	0.0032196962274610996	-0.22057275474071503	0.45360544323921204	0.23662923276424408
5	96	0.0003501364553812891	0.0032634055241942406	-0.1609956920146942	0.5312277674674988	0.373845636844635
6	96	0.026782847940921783	0.004038248211145401	-0.30955302715301514	0.7711302638053894	0.49239832162857056
7	96	0.00047959593939594924	0.003954542335122824	-0.5072231888771057	0.42432117462158203	-0.07846790552139282
8	96	0.0006281134556047618	0.003772349562495947	-0.490456223487854	0.9236064553260803	0.43755069375038147
9	96	0.000838208943605423	0.004202480427920818	-0.6900242567062378	0.7869253158569336	0.10194176435470581
10	96	0.0006500796298496425	0.0047125909477472305	-0.6196758151054382	0.6406024098396301	0.026289284229278564
11	96	0.0009786277078092098	0.0050183553248643875	-0.37979769706726074	0.5543316602706909	0.18053093552589417
12	96	0.0013356622075662017	0.0062578232027590275	-0.5113115310668945	0.5032552480697632	-0.0004627704620361328
13	96	0.0015240097418427467	0.004851273726671934	-0.3658580183982849	0.8462819457054138	0.4867992103099823
14	96	0.0009079296141862869	0.005478374194353819	-0.37684166431427	0.834875762462616	0.4644204080104828
15	96	0.0006442995509132743	0.005480526946485043	-0.3994694650173187	0.6579840183258057	0.26463937759399414
0	97	0.0005638278089463711	0.006807506084442139	-0.8526113033294678	0.6436380743980408	-0.20160192251205444
1	97	0.011851866729557514	0.006659046746790409	-1.2253016233444214	0.6652370691299438	-0.5415536165237427
2	97	0.0009320912649855018	0.006987378932535648	-1.309120535850525	0.7901527881622314	-0.5110483169555664
3	97	0.0008266539080068469	0.006614362820982933	-1.2446422576904297	1.094617486000061	-0.1425837278366089
4	97	0.0008042767876759171	0.007166968192905188	-1.5557595491409302	0.7421931624412537	-0.8055950999259949
5	97	0.0025550895370543003	0.007109303958714008	-0.8678730130195618	0.692808985710144	-0.16539961099624634
6	97	0.0018351981416344643	0.007635745219886303	-0.8001849055290222	0.8480015993118286	0.057287633419036865
7	97	0.002593852346763015	0.007997716777026653	-0.5395210981369019	0.5877481698989868	0.05881863832473755
8	97	0.001453983597457409	0.010487078689038754	0.12506946921348572	1.3401902914047241	1.4772008657455444
9	97	0.0020389321725815535	0.01695188134908676	0.693857729434967	1.1834369897842407	1.8962855339050293
10	97	0.0034418038558214903	0.016205202788114548	0.3339633345603943	1.3286327123641968	1.6822431087493896
11	97	0.01059630885720253	0.013860227540135384	-0.025282585993409157	1.7384979724884033	1.737671971321106
12	97	0.01621411368250847	0.014187725260853767	0.2111910581588745	1.9419540166854858	2.183547019958496
13	97	0.020250294357538223	0.019197331741452217	-0.13760556280612946	1.272726058959961	1.1745681762695312
14	97	0.030060183256864548	0.01967102847993374	-0.34676793217658997	0.9938418865203857	0.6968051791191101
15	97	0.03510154411196709	0.017530817538499832	-0.11140932887792587	0.8174228072166443	0.7586458325386047
0	98	0.025445345789194107	0.014954703859984875	-0.09421355277299881	0.9979737401008606	0.9441602230072021
1	98	0.014958837069571018	0.011045565828680992	-0.0690276101231575	0.9911531805992126	0.9481299519538879
2	98	0.006292897742241621	0.010213475674390793	-0.11509385704994202	0.8245649337768555	0.7259774208068848
3	98	0.0038266140036284924	0.01189796905964613	-0.1723300963640213	0.8988150358200073	0.7422095537185669
4	98	0.06434532254934311	0.010269058868288994	-0.11177664995193481	0.8746107816696167	0.8374485373497009
5	98	0.0024878871627151966	0.0077721611596643925	-0.049361832439899445	1.4651402235031128	1.426038384437561
6	98	0.0014135604724287987	0.007180230692028999	-0.04884019121527672	1.488028645515442	1.447782278060913
7	98	0.001280507305637002	0.006996925920248032	-0.04001813381910324	0.8223367929458618	0.790596067905426
8	98	0.001071033882908523	0.006686917506158352	-0.022903243079781532	0.9914279580116272	0.9762826561927795
9	98	0.0010177838848903775	0.007277994882315397	-0.006046393886208534	0.9257515668869019	0.9280009269714355
10	98	0.000818690110463649	0.007504426874220371	-0.018510229885578156	1.005810260772705	0.9956231713294983
11	98	0.0006945667555555701	0.00702278595417738	-0.007470833603292704	0.8693464398384094	0.8695929646492004
12	98	0.0006868289201520383	0.007765698246657848	-0.006050338037312031	1.1331628561019897	1.1355650424957275
13	98	0.0005802680971100926	0.006840404588729143	-0.0035663945600390434	0.9741449952125549	0.9779992699623108
14	98	0.0006264530820772052	0.006257515400648117	0.00131202710326761	1.415210485458374	1.4234064817428589
15	98	0.0004586752620525658	0.007180364802479744	0.05589738488197327	0.7323072552680969	0.7958436608314514
0	99	0.0004293097008485347	0.005242188461124897	0.012428595684468746	1.2280389070510864	1.2461390495300293
1	99	0.0004212146741338074	0.005955754313617945	0.03559718281030655	1.006787657737732	1.0487618446350098
2	99	0.0003988082171417773	0.004428533371537924	0.01441697496920824	1.0989843606948853	1.1182286739349365
3	99	0.0003732479817699641	0.00483969459310174	0.020050933584570885	1.6080043315887451	1.6332682371139526
4	99	0.0003635998291429132	0.004225323908030987	0.021510062739253044	0.9669986367225647	0.9930976033210754
5	99	0.00036844037822447717	0.004232967738062143	0.00876859575510025	0.7943361401557922	0.8077061176300049
6	99	0.08892833441495895	0.00572021771222353	-0.04330238327383995	0.9351081252098083	0.9864543080329895
7	99	0.0003385171585250646	0.004333074204623699	-0.003125495044514537	0.9354643225669861	0.9370104074478149
8	99	0.0003289261076133698	0.004696222487837076	0.0007896326133050025	0.7188828587532043	0.7246976494789124
9	99	0.0003157367173116654	0.005276625044643879	-0.018551157787442207	0.8941140174865723	0.8811551928520203
10	99	0.00035053701139986515	0.0041216155514121056	-0.017910799011588097	1.2220669984817505	1.2086282968521118
11	99	0.00030931775108911097	0.004145886283367872	-0.003949339035898447	0.7564548254013062	0.7569606900215149
12	99	0.00031321190181188285	0.004024963825941086	-0.008494988083839417	1.0812915563583374	1.0771347284317017
13	99	0.0003043715551029891	0.0036510995123535395	-0.005695038009434938	0.5511482357978821	0.5494086742401123
14	99	0.00032644180464558303	0.00398454163223505	-0.007147189229726791	0.9571258425712585	0.9542896151542664
15	99	0.0003003618330694735	0.004301817622035742	-0.021327681839466095	0.6842311024665833	0.6675056219100952
